Patient_ID,Age_Years,Gender,Genotype_CEP72,Genotype_CYP3A5,Observed_Peripheral_Neuropathy,Foot_Drop_Observed,Liver_Enzyme_Abnormal,Anemia_Present,Vitamin_B12_Deficiency,Concurrent_Radiotherapy,Lifestyle_Difficulty_QoL,Raw_Reported_Events,Recommended_Action
10006207,3,1,CC,*1/*3,no,no,no,no,no,no,low,febrile neutropenia | hypophagia | pleural effusion,Standard Dose (100%)
10007958,1,2,TT,*1/*1,no,no,no,no,no,no,low,febrile neutropenia,Standard Dose (100%)
10008867,6,1,TT,*1/*1,no,no,no,no,no,no,low,hypertriglyceridaemia,Standard Dose (100%)
10011549,2,2,CT,*3/*3,no,no,no,no,no,no,low,renal failure acute | drug-induced liver injury,Standard Dose (100%)
10011789,12,1,CC,*3/*3,no,no,no,no,no,no,low,pneumonia | febrile neutropenia | hypotension | pneumomediastinum | deep vein thrombosis,Standard Dose (100%)
10011810,10,1,CT,*3/*3,no,no,no,no,no,no,low,cushingoid | body height below normal | acne | skin papilloma | spinal compression fracture | headache | headache | musculoskeletal stiffness | insomn,Standard Dose (100%)
10016101,11,2,CT,*1/*3,no,no,no,no,no,no,low,grand mal convulsion | encephalopathy | temporal lobe epilepsy | hippocampal sclerosis,Standard Dose (100%)
10018884,10,2,CC,*1/*3,no,no,no,no,no,yes,low,posterior reversible encephalopathy syndrome | blood pressure increased,Reduce Dose by 25%
10023420,15,1,CC,*3/*3,no,no,no,no,no,no,low,pancreatitis | parotitis,Standard Dose (100%)
10025255,15,1,TT,*1/*1,no,no,no,no,no,no,high,hypotension | oral pain | rectal ulcer | oropharyngeal pain,Standard Dose (100%)
10026842,10,2,CT,*1/*3,no,no,no,no,no,no,low,posterior reversible encephalopathy syndrome | blood pressure increased | jugular vein thrombosis | intracranial venous sinus thrombosis,Standard Dose (100%)
10032432,10,1,CC,*1/*3,no,no,no,no,no,no,low,zygomycosis,Standard Dose (100%)
10035682,4,2,CC,*1/*1,no,no,no,no,no,no,low,bronchiectasis | wheezing,Standard Dose (100%)
10037403,6,1,TT,*3/*3,no,no,no,no,no,no,low,drug interaction | hypertriglyceridaemia | pneumonia influenzal | ascites | pseudohyponatraemia | somnolence | cushing^s syndrome | oedema peripheral ,Standard Dose (100%)
10039291,4,2,CC,*3/*3,no,no,no,no,no,no,high,pneumatosis intestinalis | stomatitis | diarrhoea | abdominal pain | abdominal distension | neutropenia,Standard Dose (100%)
10044244,5,2,CT,*1/*3,no,no,no,no,no,no,low,haematotoxicity | haematotoxicity,Standard Dose (100%)
10046237,17,2,CT,*3/*3,yes,no,no,no,no,yes,high,diarrhoea | weight decreased | neuropathy peripheral | febrile neutropenia | pulmonary mass | lymphadenopathy,Reduce Dose by 50%
10048470,11,1,CC,*1/*3,no,no,no,no,no,yes,low,nephrogenic systemic fibrosis,Reduce Dose by 25%
10049830,9,1,TT,*3/*3,no,yes,no,no,no,no,high,abdominal pain | hemianopia | muscular weakness | agitation | headache | bradycardia | sinus bradycardia | vision blurred | depressed level of conscio,Reduce Dose by 50%
10052227,8,2,CT,*3/*3,no,no,no,yes,no,no,low,anaemia | neutropenia | tachycardia | pyrexia | contusion | decreased appetite | hepatomegaly | platelet count decreased | hypotension | bacterial inf,Standard Dose (100%)
10058304,2,2,CC,*1/*3,no,no,no,no,no,no,low,pneumatosis intestinalis | lymphopenia | malnutrition | gastrointestinal infection | rhinovirus infection | viral infection | malaise | pyrexia | diar,Standard Dose (100%)
10061060,7,1,CT,*1/*3,no,no,no,no,no,no,low,dermatitis diaper | klebsiella infection | clostridium difficile colitis,Standard Dose (100%)
10061061,2,2,CC,*1/*3,no,no,no,no,no,no,low,t-lymphocyte count decreased,Standard Dose (100%)
10061062,1,2,TT,*3/*3,no,no,no,no,no,no,low,cognitive disorder | sinus tachycardia | mental disorder,Standard Dose (100%)
10061107,1,2,CT,*1/*3,no,no,no,no,no,yes,low,febrile neutropenia | enterobacter infection | sepsis | diarrhoea,Reduce Dose by 25%
10061221,9,1,CC,*1/*3,no,no,no,no,no,no,low,osteosarcoma | disease progression | renal impairment | toxicity to various agents,Standard Dose (100%)
10061588,5,1,CT,*3/*3,no,no,no,no,no,no,low,acute lymphocytic leukaemia | sepsis,Standard Dose (100%)
10062269,11,1,CC,*1/*1,no,no,no,no,no,no,low,lethargy | venoocclusive liver disease | disseminated intravascular coagulation | respiratory distress | product use issue | hyperammonaemia,Standard Dose (100%)
10063495,6,2,CC,*1/*3,no,no,no,no,no,no,low,hypersensitivity,Standard Dose (100%)
10063499,3,1,CT,*3/*3,no,no,no,no,no,no,low,hypersensitivity,Standard Dose (100%)
10064146,3,2,CC,*1/*1,no,no,no,no,no,no,high,fatigue | headache | urine output decreased | hypophagia | vomiting | nausea | asthenia | pyrexia | cardiac arrest | dizziness | abdominal pain | puls,Standard Dose (100%)
10066232,13,2,CC,*3/*3,no,no,no,no,no,yes,low,hypersensitivity,Reduce Dose by 25%
10066273,18,1,CC,*3/*3,no,no,no,no,no,no,low,anaphylactic reaction | chest discomfort | nausea | sinus tachycardia | anxiety | blood pressure increased,Standard Dose (100%)
10068845,17,1,CT,*1/*1,no,no,no,yes,no,no,low,haemolytic anaemia | jaundice | haemoglobin decreased | blood bilirubin unconjugated increased | hyperglycaemia,Standard Dose (100%)
10069367,11,2,CC,*3/*3,no,no,no,no,no,no,low,packed red blood cell transfusion | nausea | vomiting | weight decreased | diarrhoea,Standard Dose (100%)
10069372,17,2,CC,*3/*3,yes,no,no,no,no,yes,high,platelet transfusion | packed red blood cell transfusion | febrile neutropenia | diarrhoea | weight decreased | neuropathy peripheral,Reduce Dose by 50%
10069379,8,1,CC,*3/*3,no,no,no,no,no,no,low,platelet transfusion | packed red blood cell transfusion | hypertension | diarrhoea,Standard Dose (100%)
10070778,6,2,CT,*1/*3,no,no,no,no,no,no,low,posterior reversible encephalopathy syndrome,Standard Dose (100%)
10073940,17,1,CC,*1/*3,no,no,no,yes,no,no,low,haemolytic anaemia,Standard Dose (100%)
10075373,17,1,CT,*3/*3,no,no,no,yes,no,no,low,haemolytic anaemia | hyperglycaemia,Standard Dose (100%)
10078353,17,1,CC,*3/*3,no,no,no,no,no,yes,low,tumour lysis syndrome | off label use,Reduce Dose by 25%
10078774,3,2,CC,*3/*3,no,no,no,yes,no,no,low,abscess bacterial | anaemia | sinus tachycardia | constipation | intestinal perforation,Standard Dose (100%)
10079541,12,1,CC,*3/*3,no,no,no,no,no,no,low,disease progression,Standard Dose (100%)
10080235,4,1,CC,*1/*1,no,no,no,no,no,no,low,disease progression,Standard Dose (100%)
10080245,3,2,CC,*1/*3,no,no,no,no,no,no,low,disease progression,Standard Dose (100%)
10080246,3,2,TT,*1/*1,no,no,no,no,no,no,low,disease progression,Standard Dose (100%)
10080381,13,1,CT,*3/*3,no,no,no,yes,no,no,high,sepsis | tachycardia | anaemia | febrile neutropenia | leukopenia | abdominal pain | pyrexia,Standard Dose (100%)
10083765,3,1,CC,*1/*3,no,no,no,no,no,no,high,abdominal pain | nausea | vomiting | ileus | impaired gastric emptying | tachycardia | tachypnoea | hypoxia | face oedema | pyrexia | ascites | pleura,Standard Dose (100%)
10084093,6,2,CT,*1/*1,no,no,no,no,no,no,low,stomatitis | streptococcal infection | decreased appetite | hypoxia | nausea,Standard Dose (100%)
10088056,6,2,CC,*1/*3,no,no,no,no,no,yes,low,posterior reversible encephalopathy syndrome | convulsion | myoclonus | toxicity to various agents,Reduce Dose by 25%
10098330,12,2,CC,*3/*3,no,no,yes,no,no,no,low,jaundice | hepatomegaly | alanine aminotransferase increased,Standard Dose (100%)
10098635,17,1,CC,*1/*3,no,no,no,yes,no,no,low,haemolytic anaemia | hyperglycaemia,Standard Dose (100%)
10101850,16,1,TT,*3/*3,no,no,no,no,no,no,low,pancreatitis acute | diabetic ketoacidosis,Standard Dose (100%)
10102116,16,1,CC,*3/*3,no,no,no,no,no,no,low,pancreatitis | diabetic ketoacidosis | mallory-weiss syndrome,Standard Dose (100%)
10103067,16,1,CC,*1/*3,no,no,no,no,no,no,low,hypophosphataemia,Standard Dose (100%)
10110107,17,2,CT,*1/*3,no,no,no,no,no,no,low,leukaemia recurrent | neutrophil count decreased | haematotoxicity | blast cells present | bronchopulmonary aspergillosis | bone marrow failure | panc,Standard Dose (100%)
10128733,12,2,CC,*3/*3,no,no,no,no,no,no,low,cerebrovascular accident | thrombotic stroke,Standard Dose (100%)
10133889,8,1,CC,*1/*1,no,no,no,no,no,yes,low,cerebral haemangioma,Reduce Dose by 25%
10133893,11,2,CT,*3/*3,no,no,no,no,no,no,low,cerebral haemangioma,Standard Dose (100%)
10134365,18,1,CT,*3/*3,no,no,yes,no,no,no,low,disease progression | leukopenia | alanine aminotransferase increased,Standard Dose (100%)
10135557,13,2,CC,*3/*3,no,no,no,no,no,no,low,pancreatitis | hyperglycaemia | bone marrow failure | hepatomegaly,Standard Dose (100%)
10142701,16,1,CT,*1/*3,no,no,no,no,no,no,high,diabetic ketoacidosis | abdominal pain | nausea | vomiting | decreased appetite | haematemesis | hyperamylasaemia | mallory-weiss syndrome,Standard Dose (100%)
10145066,8,2,CC,*1/*3,no,no,no,no,no,no,low,porphyria non-acute,Standard Dose (100%)
10145976,18,2,CC,*1/*3,no,no,no,no,no,no,low,hypotension | haemodialysis | hepatic encephalopathy | disseminated intravascular coagulation | atrioventricular block first degree | atrioventricular,Standard Dose (100%)
10146687,16,1,CC,*1/*3,no,no,no,no,no,no,low,pancreatitis acute | diabetic ketoacidosis | mallory-weiss syndrome | haematemesis,Standard Dose (100%)
10149774,17,1,CC,*1/*3,no,no,no,yes,no,no,low,haemolytic anaemia,Standard Dose (100%)
10151851,4,1,CT,*3/*3,no,no,no,no,no,no,low,encephalopathy,Standard Dose (100%)
10157662,3,1,TT,*3/*3,no,no,no,no,no,no,low,sepsis,Standard Dose (100%)
10159246,16,1,CT,*1/*3,no,no,no,no,no,no,low,diabetic ketoacidosis | pancreatitis acute | mallory-weiss syndrome,Standard Dose (100%)
10161357,9,1,CC,*3/*3,no,no,no,no,no,no,low,ataxia | dysarthria | viith nerve paralysis,Standard Dose (100%)
10162100,8,1,CC,*1/*3,no,no,no,no,no,yes,low,hypoxia | respiratory failure | hypotension | pseudomonas test positive | blood culture positive | influenza a virus test positive | sepsis | pneumato,Reduce Dose by 25%
10162114,8,2,CC,*3/*3,no,no,no,no,no,no,low,cerebral haemangioma | haemorrhage | headache | vision blurred,Standard Dose (100%)
10162524,6,1,CC,*3/*3,no,no,no,no,no,no,low,infection reactivation | strongyloidiasis,Standard Dose (100%)
10163255,4,1,CC,*1/*3,no,no,no,no,no,yes,low,parvovirus infection | off label use | hepatocellular injury | encephalopathy,Reduce Dose by 25%
10166724,14,1,CT,*3/*3,no,no,no,no,no,no,low,hordeolum | conjunctivitis | staphylococcus test positive | cellulitis,Standard Dose (100%)
10166740,13,2,CC,*3/*3,no,no,no,no,no,no,low,duodenal ulcer perforation | apnoea | convulsion | hypoxia,Standard Dose (100%)
10168359,12,1,CC,*1/*3,no,no,no,no,no,no,low,respiratory disorder | drug resistance | kaposi^s sarcoma | malignant neoplasm progression,Standard Dose (100%)
10169066,5,1,CT,*1/*3,no,no,no,no,no,no,low,sepsis | t-cell type acute leukaemia,Standard Dose (100%)
10169067,5,1,TT,*3/*3,no,no,no,no,no,yes,low,sepsis | t-cell type acute leukaemia,Reduce Dose by 50%
10170156,4,1,TT,*3/*3,no,yes,no,no,no,no,high,rhinitis | cough | tremor | encephalopathy | gait disturbance,Reduce Dose by 50%
10170531,17,1,CT,*3/*3,no,no,no,no,no,no,low,death | rhabdomyosarcoma | metastases to pituitary gland | malignant neoplasm progression,Standard Dose (100%)
10170902,6,1,CC,*3/*3,no,no,no,no,no,no,low,tachycardia | hepatic enzyme increased,Standard Dose (100%)
10172898,5,1,CC,*1/*1,no,no,no,yes,no,no,low,strongyloidiasis | cytomegalovirus test positive | blood creatinine increased | pulmonary fibrosis | anaemia | hypotension | infection reactivation,Standard Dose (100%)
10173435,5,1,TT,*1/*3,no,no,no,no,no,no,low,sepsis | t-cell type acute leukaemia,Standard Dose (100%)
10173465,1,1,CC,*1/*3,no,no,no,no,no,yes,low,endocarditis | blood bilirubin increased | atelectasis | renal failure acute | device related infection | ascites | blood creatinine increased | pyrex,Reduce Dose by 25%
10176479,16,2,TT,*1/*3,yes,yes,no,no,no,no,high,critical illness polyneuropathy | sepsis | bacillus test positive | febrile neutropenia | disorientation | meningism | csf protein increased | csf cel,Reduce Dose by 50%
10177543,16,2,CC,*1/*1,no,no,no,no,no,no,low,haematotoxicity | febrile neutropenia | maternal exposure before pregnancy,Standard Dose (100%)
10178653,14,2,CT,*3/*3,no,no,no,no,no,no,low,urosepsis | bacteraemia | febrile neutropenia | dyspnoea | malaise | cough | heart rate increased | hypotension | wheezing | crepitations | bradycardi,Standard Dose (100%)
10178681,12,1,TT,*3/*3,yes,no,no,no,no,no,high,respiratory disorder | neuropathy peripheral,Reduce Dose by 50%
10181897,1,2,CC,*1/*1,no,no,no,no,no,no,low,febrile neutropenia,Standard Dose (100%)
10181955,1,1,CT,*3/*3,no,no,no,no,no,no,low,sepsis,Standard Dose (100%)
10182680,3,2,CC,*3/*3,no,no,no,yes,no,no,low,intestinal perforation | abdominal abscess | anaemia | sinus tachycardia | constipation,Standard Dose (100%)
10186885,16,2,CT,*1/*1,no,no,no,no,no,no,low,acute lymphocytic leukaemia | interstitial lung disease,Standard Dose (100%)
10191150,5,1,CC,*1/*3,no,no,no,no,no,no,low,sepsis,Standard Dose (100%)
10192485,1,2,CC,*1/*3,no,no,no,no,no,no,low,bacteraemia,Standard Dose (100%)
10193085,1,2,CT,*3/*3,no,no,no,no,no,no,low,bacteraemia,Standard Dose (100%)
10195789,12,1,TT,*1/*1,yes,no,no,no,no,no,high,neuropathy peripheral | kaposi^s sarcoma | skin lesion | pericardial effusion | immune reconstitution inflammatory syndrome | lung disorder | respirat,Reduce Dose by 50%
10196300,5,1,CC,*3/*3,no,no,no,no,no,no,low,anaphylactic reaction,Standard Dose (100%)
10196603,8,1,CC,*1/*3,no,no,yes,no,no,no,high,headache | abdominal pain upper | neutropenia | lipase increased | alanine aminotransferase increased | blood bilirubin increased | cholecystitis | ch,Standard Dose (100%)
10196741,2,1,TT,*1/*3,no,no,no,no,no,no,high,biliary dilatation | hyperbilirubinaemia | abdominal pain | lymphadenopathy | infection | cholangitis | disseminated intravascular coagulation | liver,Standard Dose (100%)
10202802,17,1,CC,*1/*1,no,no,no,no,no,yes,low,blood creatinine increased,Reduce Dose by 25%
10203382,11,1,CT,*1/*3,no,no,no,no,no,no,high,skin fissures | dactylitis | dermatitis | dry skin | drug interaction | erythema | oedema | pain of skin | skin exfoliation | skin discolouration | wr,Standard Dose (100%)
10204199,7,1,TT,*1/*3,no,no,no,no,no,no,low,multi-organ failure,Standard Dose (100%)
10204466,12,1,CC,*3/*3,no,no,no,no,no,yes,high,wrong technique in drug usage process | dactylitis | drug interaction | dermatitis | dry skin | erythema | skin exfoliation | skin discolouration | pa,Reduce Dose by 25%
10204795,14,1,CT,*3/*3,no,no,no,no,no,no,low,subdural haematoma | cerebral haematoma | brain midline shift | subarachnoid haemorrhage | vasospasm | brain death,Standard Dose (100%)
10206243,11,1,CC,*1/*3,no,no,no,no,no,no,high,dactylitis | dermatitis | oedema | skin exfoliation | dry skin | erythema | skin discolouration | pain of skin | skin fissures | drug interaction | dr,Standard Dose (100%)
10206375,2,2,CC,*1/*3,no,no,no,no,no,no,low,febrile neutropenia | lethargy | asthenia | mobility decreased | contusion | stenotrophomonas test positive | pseudomonas test positive | vomiting | p,Standard Dose (100%)
10206996,15,2,CT,*1/*3,no,no,no,no,no,no,low,venoocclusive liver disease | multi-organ failure,Standard Dose (100%)
10206997,12,1,TT,*3/*3,no,no,no,no,no,yes,low,central nervous system haemorrhage,Reduce Dose by 50%
10208200,14,2,CC,*1/*3,no,no,no,no,no,no,low,urosepsis | bacteraemia | febrile neutropenia | blood pressure systolic increased | blood pressure diastolic decreased | bradycardia | blood pressure ,Standard Dose (100%)
10208948,16,2,CT,*1/*1,no,no,no,no,no,no,low,pseudomembranous colitis,Standard Dose (100%)
10209399,11,1,TT,*1/*1,no,no,no,no,no,no,high,drug interaction | dactylitis | dermatitis | dry skin | erythema | skin fissures | pain of skin | skin exfoliation | skin discolouration | oedema,Standard Dose (100%)
10210466,12,1,CC,*1/*1,no,no,no,no,no,yes,high,constipation | drug intolerance | burning sensation | abdominal pain | pain | pyrexia | hyponatraemia | hypotension | tachypnoea | colitis | localised,Reduce Dose by 25%
10210555,15,1,CC,*3/*3,no,no,yes,no,no,yes,high,chest pain | dyspnoea | electrocardiogram st segment elevation | pericardial effusion | respiratory distress | hypotension | lactic acidosis | multi-o,Reduce Dose by 25%
10210570,12,1,TT,*1/*3,yes,no,no,no,no,no,high,neuropathy peripheral | immune reconstitution inflammatory syndrome associated kaposi^s sarcoma | pancytopenia,Reduce Dose by 50%
10211513,13,2,TT,*3/*3,no,no,no,no,no,no,low,hemiparesis | viith nerve paralysis | toxicity to various agents | dysarthria | paralysis,Standard Dose (100%)
10213387,14,1,CC,*1/*3,no,no,no,no,no,no,low,pneumoperitoneum | pneumatosis intestinalis,Standard Dose (100%)
10213983,13,2,CC,*3/*3,no,no,no,no,no,no,low,hemiparesis | viith nerve paralysis | toxicity to various agents,Standard Dose (100%)
10213985,12,2,CC,*1/*1,no,no,no,no,no,no,low,hemiparesis | viith nerve paralysis | toxicity to various agents,Standard Dose (100%)
10215693,11,1,CT,*1/*3,no,no,no,no,no,no,high,drug interaction | dermatitis | dactylitis | dry skin | skin fissures | skin exfoliation | pain of skin | oedema | erythema | skin discolouration | mu,Standard Dose (100%)
10216104,12,2,CC,*1/*3,no,no,no,no,no,no,low,sepsis | hemiparesis | viith nerve paralysis | toxicity to various agents | dysarthria,Standard Dose (100%)
10217618,12,1,CC,*3/*3,no,no,no,no,no,no,low,central nervous system haemorrhage,Standard Dose (100%)
10217620,15,2,TT,*3/*3,no,no,no,no,no,no,low,venoocclusive liver disease | multi-organ failure,Standard Dose (100%)
10219126,13,1,CC,*3/*3,no,no,no,no,no,no,low,pancreatitis acute | haematoma | pancytopenia,Standard Dose (100%)
10219346,14,1,CC,*1/*3,no,no,yes,no,no,no,low,acute myeloid leukaemia | plasma cell myeloma | bronchopulmonary aspergillosis | blood lactate dehydrogenase increased | blood uric acid increased | a,Standard Dose (100%)
10219818,14,2,CC,*3/*3,no,no,no,no,no,no,high,stomatitis | cheilitis | oral pain | oral pain | disorientation | back pain | dysarthria | toxicity to various agents | cerebral infarction | cerebrov,Standard Dose (100%)
10219913,3,1,CC,*1/*1,no,no,no,no,no,yes,low,tetany | hypomagnesaemia,Reduce Dose by 25%
10221904,4,1,CC,*1/*1,no,no,no,no,no,no,low,colitis | neutropenia | mucosal inflammation | respiratory depression | oxygen saturation abnormal | abdominal distension | blood culture positive | u,Standard Dose (100%)
10222812,1,2,CC,*3/*3,no,no,no,no,no,no,low,herpes zoster,Standard Dose (100%)
10229435,11,1,CT,*1/*3,no,no,no,no,no,no,high,drug interaction | dactylitis | dermatitis | dry skin | erythema | skin fissures | pain of skin | skin exfoliation | skin discolouration | oedema,Standard Dose (100%)
10230633,1,1,CT,*1/*3,no,no,no,yes,no,no,low,maternal exposure during pregnancy | anaemia neonatal | granulocytopenia neonatal | inguinal hernia | premature baby,Standard Dose (100%)
10230889,6,1,CC,*1/*1,no,no,no,no,no,no,low,hyperglycaemia | pollakiuria | hunger | lethargy | hallucination | nausea | diplopia,Standard Dose (100%)
10230990,8,2,CC,*3/*3,no,no,no,no,no,no,high,pyrexia | nausea | vomiting | abdominal pain | hypotension | pancreatitis acute | hypertriglyceridaemia | escherichia sepsis | colitis | neutropenia |,Standard Dose (100%)
10233423,7,1,CT,*3/*3,no,no,no,no,no,no,low,ileus,Standard Dose (100%)
10233428,8,1,CT,*3/*3,no,no,no,no,no,no,low,leukopenia,Standard Dose (100%)
10233432,7,1,CC,*1/*3,no,no,no,no,no,no,low,neutropenia,Standard Dose (100%)
10233460,4,1,CC,*1/*1,no,no,no,no,no,no,low,hypomagnesaemia | tetany | tachycardia | convulsion | joint stiffness | hypocalcaemia | hypokalaemia | sensory disturbance | feeling abnormal,Standard Dose (100%)
10234046,1,1,CC,*3/*3,no,no,no,yes,no,no,low,inguinal hernia | anaemia | granulocytopenia neonatal | foetal exposure during pregnancy | premature baby,Standard Dose (100%)
10234127,16,1,CC,*3/*3,no,no,no,no,no,no,low,lipase increased,Standard Dose (100%)
10235036,17,1,TT,*3/*3,no,no,no,no,no,no,high,sepsis | hypotension | abdominal pain | abdominal pain upper | vomiting | diarrhoea | bacillus test positive | periportal oedema | gallbladder disorde,Standard Dose (100%)
10236076,14,1,CT,*1/*3,no,no,no,no,no,no,low,bronchopulmonary aspergillosis | acute myeloid leukaemia,Standard Dose (100%)
10236628,16,2,CC,*1/*3,no,no,no,no,no,no,low,febrile neutropenia | haematotoxicity,Standard Dose (100%)
10236633,18,1,CT,*3/*3,no,no,no,no,no,no,low,febrile neutropenia | haematotoxicity,Standard Dose (100%)
10237001,5,0,CT,*3/*3,no,no,no,no,no,no,low,toxicity to various agents | haemorrhage | off label use,Standard Dose (100%)
10237648,16,2,CT,*3/*3,no,no,no,no,no,no,low,febrile neutropenia | haematotoxicity,Standard Dose (100%)
10238080,18,1,TT,*1/*3,no,no,no,no,no,no,low,febrile neutropenia | haematotoxicity,Standard Dose (100%)
10238082,15,2,CC,*1/*1,no,no,no,no,no,no,low,febrile neutropenia | haematotoxicity,Standard Dose (100%)
10238141,18,1,CC,*1/*3,no,no,no,no,no,yes,low,pancreatitis | hepatic failure | shock | renal failure | acute respiratory distress syndrome | hyperammonaemia | coagulopathy | disseminated intravasc,Reduce Dose by 25%
10238345,15,2,CT,*1/*3,no,no,no,no,no,no,low,febrile neutropenia | haematotoxicity,Standard Dose (100%)
10238384,15,1,CC,*1/*3,no,no,no,no,no,no,low,febrile neutropenia | haematotoxicity,Standard Dose (100%)
10238398,18,1,CC,*1/*1,no,no,no,no,no,yes,low,febrile neutropenia | haematotoxicity,Reduce Dose by 25%
10238819,11,2,CT,*3/*3,no,no,no,yes,no,no,high,haemolytic anaemia | abdominal pain | diarrhoea | tachypnoea | tachycardia | hypertension | hypoxia | abdominal tenderness | renal failure acute | hep,Standard Dose (100%)
10239945,4,1,CT,*3/*3,no,no,no,no,no,no,low,hypomagnesaemia | hypocalcaemia | tetany | folliculitis | hypokalaemia,Standard Dose (100%)
10240011,4,1,CT,*3/*3,no,no,no,no,no,yes,low,hypomagnesaemia | hypocalcaemia | tetany | hypokalaemia | folliculitis,Reduce Dose by 25%
10240052,9,2,CC,*1/*3,no,no,no,no,no,no,low,pyrexia,Standard Dose (100%)
10240216,18,1,TT,*1/*3,no,no,no,no,no,no,low,febrile neutropenia | haematotoxicity,Standard Dose (100%)
10240231,15,1,CC,*3/*3,no,no,no,no,no,no,low,febrile neutropenia | haematotoxicity,Standard Dose (100%)
10240651,15,1,CC,*1/*3,no,no,no,no,no,no,low,haematotoxicity | febrile neutropenia | stem cell transplant,Standard Dose (100%)
10240652,16,2,CC,*3/*3,no,no,no,no,no,no,low,haematotoxicity | febrile neutropenia,Standard Dose (100%)
10240722,18,1,CT,*3/*3,no,no,no,no,no,no,low,febrile neutropenia | haematotoxicity,Standard Dose (100%)
10241010,18,1,CT,*1/*1,no,no,no,no,no,no,low,haematotoxicity | febrile neutropenia,Standard Dose (100%)
10241101,15,2,CC,*1/*1,no,no,no,no,no,no,low,febrile neutropenia | haematotoxicity,Standard Dose (100%)
10241483,15,1,CC,*1/*1,no,no,no,no,no,no,low,febrile neutropenia | haematotoxicity,Standard Dose (100%)
10242778,11,2,CT,*1/*3,no,no,no,yes,no,no,high,haemolytic anaemia | multi-organ failure | renal failure acute | brain oedema | hepatitis | abdominal tenderness | coagulopathy | tachypnoea | mydrias,Standard Dose (100%)
10243040,18,1,CC,*3/*3,no,no,no,no,no,no,low,febrile neutropenia | haematotoxicity,Standard Dose (100%)
10243106,1,1,CT,*3/*3,no,no,no,yes,no,no,low,foetal exposure during pregnancy | anaemia neonatal | granulocytopenia neonatal | premature baby | inguinal hernia,Standard Dose (100%)
10243182,1,1,CT,*1/*3,no,no,no,yes,no,no,low,anaemia | inguinal hernia | granulocytopenia neonatal | low birth weight baby | premature baby | foetal exposure during pregnancy,Standard Dose (100%)
10245983,18,2,CT,*1/*3,no,no,no,no,no,no,low,blister | ascites | skin erosion | pseudoporphyria | skin fragility | acute lymphocytic leukaemia recurrent | purpura,Standard Dose (100%)
10246124,16,2,CT,*3/*3,no,no,no,no,no,no,low,haematotoxicity | febrile neutropenia,Standard Dose (100%)
10246126,16,2,CT,*1/*3,no,no,no,no,no,yes,low,febrile neutropenia | haematotoxicity,Reduce Dose by 25%
10246394,16,2,CC,*1/*3,no,no,no,no,no,no,low,febrile neutropenia | haematotoxicity,Standard Dose (100%)
10246942,15,2,CT,*1/*1,no,no,no,no,no,no,low,febrile neutropenia | haematotoxicity | stem cell transplant,Standard Dose (100%)
10246944,10,1,CT,*1/*3,no,no,no,no,no,no,low,confusional state | blood glucose decreased | post procedural complication | candida test positive | diabetes mellitus | type 1 diabetes mellitus,Standard Dose (100%)
10247512,18,1,TT,*1/*3,no,no,no,no,no,no,low,febrile neutropenia | haematotoxicity,Standard Dose (100%)
10247540,15,2,CT,*1/*3,no,no,no,no,no,no,low,haematotoxicity | febrile neutropenia,Standard Dose (100%)
10247542,15,1,CT,*1/*3,no,no,no,no,no,no,low,febrile neutropenia | haematotoxicity,Standard Dose (100%)
10247547,18,1,CT,*1/*1,no,no,no,no,no,no,low,haematotoxicity | febrile neutropenia,Standard Dose (100%)
10247548,16,2,CC,*3/*3,no,no,no,no,no,no,low,haematotoxicity | febrile neutropenia,Standard Dose (100%)
10247896,18,1,CC,*1/*3,no,no,no,no,no,no,low,febrile neutropenia | haematotoxicity,Standard Dose (100%)
10250969,6,1,CT,*1/*3,no,no,no,yes,no,no,low,anaemia,Standard Dose (100%)
10252392,11,2,CT,*1/*1,no,no,no,yes,no,no,low,haemolytic anaemia | multi-organ failure,Standard Dose (100%)
10253508,11,2,CT,*1/*3,no,no,no,yes,no,no,low,haemolytic anaemia | multi-organ failure,Standard Dose (100%)
10255705,9,2,CC,*1/*3,no,no,no,no,no,no,high,urinary tract infection | dehydration | septic shock | fatigue | decreased appetite | headache | suprapubic pain | pseudomonas test positive | bacteri,Standard Dose (100%)
10257327,5,2,CT,*1/*3,no,no,no,no,no,no,high,febrile neutropenia | abdominal pain | vomiting | dehydration | hypotension | tachycardia | pseudomonal sepsis | lung infiltration | fluid overload | ,Standard Dose (100%)
10257419,10,1,CC,*1/*1,no,no,no,no,no,yes,low,cough | infusion site erythema | infusion site swelling | infusion site urticaria | urticaria,Reduce Dose by 25%
10258326,3,1,CT,*1/*3,no,no,no,no,no,no,low,hypoalbuminaemia | clostridium difficile infection | pneumonia | diarrhoea | pyrexia | lipase increased | amylase increased,Standard Dose (100%)
10258549,2,1,CC,*3/*3,no,no,no,no,no,no,low,vomiting | pyrexia | decreased appetite | oliguria | asthenia | diarrhoea | hypophagia | human metapneumovirus test positive | white blood cell count ,Standard Dose (100%)
10260475,2,2,CC,*1/*3,no,no,no,no,no,no,low,mucosal inflammation | febrile neutropenia,Standard Dose (100%)
10261237,11,2,CT,*3/*3,no,no,no,no,no,no,high,infusion site reaction | chills | vomiting | pain | infusion site erythema | infusion site swelling | infusion site urticaria,Standard Dose (100%)
10265814,18,1,CC,*3/*3,no,no,no,no,no,no,low,hypertriglyceridaemia,Standard Dose (100%)
10267352,2,1,CT,*1/*3,no,no,no,no,no,no,low,upper respiratory tract infection | diarrhoea | hypophagia | human metapneumovirus test positive | white blood cell count decreased | neutropenia | py,Standard Dose (100%)
10268364,11,2,TT,*1/*1,no,no,no,yes,no,no,high,abdominal pain | diarrhoea | chills | hypertension | tachycardia | tachypnoea | hypoxia | dialysis | headache | lethargy | brain oedema | brain oedema,Standard Dose (100%)
10268735,13,1,CC,*1/*1,no,no,no,yes,no,no,high,agranulocytosis | anaemia | abdominal pain | diarrhoea | urinary tract infection pseudomonal,Standard Dose (100%)
10269949,13,1,CC,*1/*3,no,no,no,yes,no,no,low,agranulocytosis | anaemia,Standard Dose (100%)
10270326,10,1,CC,*1/*1,no,no,no,no,no,no,low,cough | drooling | urticaria,Standard Dose (100%)
10272509,15,1,CC,*1/*3,no,yes,no,no,no,no,high,muscular weakness | polyuria | polydipsia | vomiting | malaise | pallor | blood glucose increased | blood sodium decreased,Reduce Dose by 25%
10273261,2,2,CC,*1/*3,no,no,no,no,no,no,low,hypotension | loss of consciousness,Standard Dose (100%)
10275436,9,2,TT,*3/*3,no,no,no,no,no,no,low,headache | dizziness | blindness | convulsion | apnoea | cerebral haemorrhage | hypertension | mental status changes | posterior reversible encephalop,Standard Dose (100%)
10276306,18,1,CT,*3/*3,no,no,no,no,no,no,low,toxicity to various agents | drug interaction | toxic neuropathy | radiculitis | overdose,Standard Dose (100%)
10276526,18,1,CT,*1/*3,no,no,no,no,no,no,low,radiculitis | bronchopulmonary aspergillosis | drug interaction | toxic neuropathy | toxicity to various agents | prescribed overdose,Standard Dose (100%)
10279008,16,2,CC,*3/*3,no,no,no,no,no,no,low,somnolence | hypotension | dyspnoea | off label use | flushing,Standard Dose (100%)
10279502,14,1,CC,*1/*3,no,no,no,no,no,no,high,convulsion | haemorrhagic infarction | general physical health deterioration | alveolar rhabdomyosarcoma | bone pain | metastases to central nervous s,Standard Dose (100%)
10279640,1,2,CT,*1/*1,no,no,no,no,no,yes,low,hypokalaemia | febrile neutropenia,Reduce Dose by 25%
10279758,5,2,TT,*1/*1,no,no,no,no,no,no,low,hypoxia | neutropenia | lung infiltration | adverse event | pyrexia | pseudomonas test positive,Standard Dose (100%)
10283713,14,1,TT,*1/*3,yes,no,no,no,no,no,high,leukoencephalopathy | subdural haematoma | brain death | hemiparesis | neuropathy peripheral | vomiting | disseminated intravascular coagulation | con,Reduce Dose by 50%
10284768,9,2,CT,*3/*3,no,no,no,no,no,no,low,neutropenia | pneumonia | agitation | adrenal haemorrhage | respiratory distress | haemoglobin decreased | unevaluable event | paronychia | septic sho,Standard Dose (100%)
10285758,18,1,CC,*3/*3,no,no,no,no,no,yes,high,toxic neuropathy | pain in extremity | bronchopulmonary aspergillosis | toxicity to various agents | drug interaction | radiculitis,Reduce Dose by 25%
10285895,8,1,CC,*3/*3,no,no,no,no,no,no,low,oesophageal stenosis | drug ineffective,Standard Dose (100%)
10286122,9,1,CT,*3/*3,no,no,no,no,no,no,low,osteoma | colon adenoma | parathyroid tumour benign | rectal adenoma | gastric polyps | large intestine polyp | abnormal behaviour | cognitive disorde,Standard Dose (100%)
10286126,11,1,TT,*3/*3,no,yes,no,no,no,no,high,cerebrovascular accident | cerebral infarction | hypotension | cerebral ischaemia | immunosuppression | haemoptysis | gait disturbance | mental status,Reduce Dose by 50%
10286128,14,1,TT,*3/*3,no,no,no,no,no,no,low,coagulopathy | brain midline shift | brain oedema | subarachnoid haemorrhage | vasospasm | intracranial pressure increased | brain death | convulsion ,Standard Dose (100%)
10287214,16,1,TT,*3/*3,no,no,no,no,no,no,low,febrile neutropenia | cough | acute monocytic leukaemia | unevaluable event,Standard Dose (100%)
10289986,18,1,TT,*3/*3,no,no,no,no,no,no,low,continuous haemodiafiltration | dialysis | syncope | coagulopathy | blood lactic acid increased | pancreatitis | renal failure | acute respiratory dis,Standard Dose (100%)
10294671,3,2,CC,*3/*3,no,no,no,no,no,no,low,febrile neutropenia | device related infection,Standard Dose (100%)
10296932,1,2,CC,*1/*1,no,no,no,no,no,no,low,febrile neutropenia,Standard Dose (100%)
10298383,8,1,CC,*3/*3,no,no,no,no,no,no,low,febrile neutropenia,Standard Dose (100%)
10301314,3,1,TT,*3/*3,no,no,no,no,no,no,low,hypoalbuminaemia | pyrexia | amylase increased | clostridium difficile infection | lipase increased | pneumonia | diarrhoea,Standard Dose (100%)
10304769,10,2,CC,*3/*3,no,no,no,no,no,no,low,lung infiltration | pneumocystis jirovecii pneumonia | respiratory distress | neutropenia | fungal infection | bacterial infection | hypoxia,Standard Dose (100%)
10306324,17,2,CC,*3/*3,no,no,no,no,no,no,low,platelet count decreased | pneumonia | red blood cell count decreased | pancreatitis acute | stem cell transplant | bronchopulmonary aspergillosis | n,Standard Dose (100%)
10306328,16,2,CT,*3/*3,yes,no,no,no,no,no,high,haematotoxicity | febrile neutropenia | ventricular fibrillation | interstitial lung disease | neuropathy peripheral | renal failure acute,Reduce Dose by 25%
10307382,9,2,CC,*3/*3,no,no,no,no,no,no,low,wound infection staphylococcal | septic shock | neutropenia | agitation | cough | lethargy | decreased appetite | paronychia | lactic acidosis | pneum,Standard Dose (100%)
10308570,11,1,CC,*1/*3,no,no,no,no,no,no,low,haematoma | lipase increased | hypertriglyceridaemia,Standard Dose (100%)
10310233,16,2,CT,*1/*3,no,no,no,no,no,no,low,intracranial venous sinus thrombosis | convulsion | disorientation | haemorrhagic cerebral infarction | jugular vein thrombosis,Standard Dose (100%)
10310340,5,2,CT,*3/*3,no,no,no,no,no,no,low,pyrexia | trichosporon infection | respiratory disorder | tachycardia | abdominal distension | skin mass | erythema,Standard Dose (100%)
10310464,9,2,CT,*1/*3,no,no,no,no,no,yes,low,septic shock | agitation | platelet count decreased | haemoglobin decreased | staphylococcus test positive | pulmonary haemorrhage | paronychia | resp,Reduce Dose by 25%
10310491,5,2,CC,*1/*3,no,no,no,no,no,no,low,leukoencephalopathy | hyperammonaemia,Standard Dose (100%)
10312506,4,1,CC,*1/*3,no,no,no,no,no,no,low,parotitis,Standard Dose (100%)
10313197,16,2,CC,*3/*3,no,no,no,no,no,no,low,hypersensitivity | anaphylactic shock | leukaemia recurrent,Standard Dose (100%)
10314168,13,2,CT,*3/*3,no,no,no,no,no,no,low,transverse sinus thrombosis | headache | photophobia,Standard Dose (100%)
10314210,16,2,CT,*3/*3,yes,no,no,no,no,no,high,acute lymphocytic leukaemia recurrent | bone marrow disorder | haematotoxicity | febrile neutropenia | ventricular fibrillation | respiratory disorder,Reduce Dose by 25%
10314285,8,1,CC,*1/*1,no,no,no,no,no,no,high,hyponatraemia | pain in extremity | anxiety | posterior reversible encephalopathy syndrome | abdominal pain | hypocalcaemia | paraesthesia | depressed,Standard Dose (100%)
10328168,3,2,TT,*3/*3,no,no,no,yes,no,no,high,pyrexia | neutropenia | anaemia | white blood cell count decreased | pain | nausea,Standard Dose (100%)
10329236,1,1,CC,*1/*3,no,no,no,no,no,no,low,dehydration | neutrophil count decreased | bacterial test positive | enterococcus test positive | fungal test positive | no therapeutic response | vom,Standard Dose (100%)
10329973,9,1,CT,*3/*3,no,no,no,no,no,no,low,disease progression | malignant neoplasm progression,Standard Dose (100%)
10330593,11,2,CC,*3/*3,no,no,no,no,no,no,low,stomatitis | neutropenia,Standard Dose (100%)
10331203,10,2,CC,*1/*3,no,no,no,no,no,no,low,blood glucose increased,Standard Dose (100%)
10331262,8,1,CT,*3/*3,no,no,no,no,no,no,high,hypotension | tachycardia | nausea | malaise | pyrexia | pseudomonas test positive | intestinal perforation | culture positive | abdominal pain | eryt,Standard Dose (100%)
10332580,16,1,CC,*3/*3,no,yes,no,no,no,no,high,muscular weakness,Reduce Dose by 25%
10335965,1,1,CC,*1/*3,no,no,no,no,no,no,low,bacteraemia | bacteraemia,Standard Dose (100%)
10337936,10,2,CT,*1/*3,yes,no,no,no,no,no,high,neuropathy peripheral,Reduce Dose by 25%
10339582,3,2,CT,*1/*1,no,no,no,yes,no,no,low,white blood cell count decreased | neutropenia | anaemia | pyrexia,Standard Dose (100%)
10342770,14,1,CC,*3/*3,no,no,no,no,no,no,low,diarrhoea | lung infiltration | cough | liver transplant | post procedural complication | pneumonia | diaphragmatic hernia | adenovirus test positive ,Standard Dose (100%)
10344100,2,2,CC,*1/*1,no,no,no,yes,no,no,high,drug ineffective | deep vein thrombosis | bradycardia | off label use | pain | hydrocephalus | anaemia postoperative | intracranial pressure increased,Standard Dose (100%)
10348146,14,1,CT,*1/*3,yes,no,no,no,no,no,high,neuropathy peripheral,Reduce Dose by 25%
10349417,17,2,TT,*1/*3,no,no,no,no,no,no,high,diaphragmatic disorder | flank pain | abdominal pain | pancytopenia | lobar pneumonia | ileus | colitis,Standard Dose (100%)
10358570,11,1,TT,*1/*3,no,no,no,no,no,no,low,myelodysplastic syndrome | haemorrhagic diathesis | pancytopenia | bone marrow failure,Standard Dose (100%)
10359872,10,2,TT,*3/*3,yes,no,no,no,no,no,high,drug interaction | neuropathy peripheral | neurotoxicity | febrile bone marrow aplasia | vomiting | diarrhoea,Reduce Dose by 50%
10359965,14,2,CT,*1/*3,no,no,no,no,no,no,high,pain | back pain | condition aggravated | hypocalcaemia | arthralgia,Standard Dose (100%)
10360474,8,2,CT,*3/*3,no,no,no,no,no,no,high,nausea | human rhinovirus test positive | enterovirus test positive | white blood cell count decreased | generalised erythema | vomiting | drug hypers,Standard Dose (100%)
10361119,8,2,CC,*3/*3,no,no,no,no,no,no,low,diarrhoea,Standard Dose (100%)
10361232,8,2,CC,*1/*3,no,no,no,no,no,no,low,porphyria non-acute | hypertrichosis,Standard Dose (100%)
10362719,11,1,CC,*3/*3,no,no,no,no,no,no,low,second primary malignancy | myelodysplastic syndrome | deafness | osteosarcoma | cardiotoxicity | odontogenic cyst | basal cell carcinoma | treatment ,Standard Dose (100%)
10364467,2,1,CT,*3/*3,no,no,no,no,no,no,low,neutrophil count decreased | pyrexia,Standard Dose (100%)
10364472,3,2,CT,*3/*3,no,no,no,no,no,no,low,febrile neutropenia,Standard Dose (100%)
10367359,7,2,CT,*1/*1,no,no,no,no,no,no,low,respiratory failure | paralysis | nystagmus | inappropriate antidiuretic hormone secretion | wrong drug administered | urinary retention | eye movemen,Standard Dose (100%)
10367926,17,2,CC,*1/*1,no,no,no,no,no,no,low,pneumonia bacterial | platelet count abnormal | pancreatitis acute | bronchopulmonary aspergillosis | acute lymphocytic leukaemia recurrent | stem cel,Standard Dose (100%)
10367998,16,2,CC,*3/*3,no,no,no,no,no,no,low,febrile neutropenia | haematotoxicity | renal impairment | ventricular fibrillation | interstitial lung disease,Standard Dose (100%)
10371688,11,1,CC,*1/*3,no,no,no,no,no,no,low,second primary malignancy | deafness | myelodysplastic syndrome,Standard Dose (100%)
10373578,13,1,CT,*3/*3,no,no,no,no,no,no,low,neutropenic colitis,Standard Dose (100%)
10373582,6,1,CC,*3/*3,no,no,no,no,no,no,low,transaminases increased,Standard Dose (100%)
10374442,12,1,CC,*1/*1,no,no,no,no,no,yes,low,tumour lysis syndrome | hyperbilirubinaemia | candida infection | renal failure acute | pancytopenia | respiratory failure | bacillus infection | acut,Reduce Dose by 25%
10376539,1,1,CT,*1/*3,no,no,no,no,no,no,low,blood culture positive,Standard Dose (100%)
10376675,10,2,CC,*3/*3,no,no,no,no,no,no,low,diarrhoea | enterocolitis | hypernatraemia | dehydration | irritability | enterocolitis infectious,Standard Dose (100%)
10377592,13,1,CC,*1/*3,no,no,no,no,no,no,low,renal failure acute | fluid overload | tumour lysis syndrome,Standard Dose (100%)
10388801,2,1,CT,*3/*3,no,no,no,no,no,no,low,aortic dissection | lung neoplasm malignant | lymphocyte count decreased,Standard Dose (100%)
10390799,12,1,CC,*1/*3,no,no,no,no,no,no,low,renal failure acute | candida infection | haemodialysis | tumour lysis syndrome | respiratory failure | acute respiratory distress syndrome | pancytop,Standard Dose (100%)
10393481,8,2,TT,*3/*3,no,no,no,no,no,no,low,diarrhoea haemorrhagic,Standard Dose (100%)
10396463,14,2,CC,*1/*3,no,no,no,no,no,no,low,cataract | accommodation disorder,Standard Dose (100%)
10396738,1,1,CC,*3/*3,no,no,no,no,no,no,low,escherichia infection,Standard Dose (100%)
10398150,1,2,CC,*1/*3,no,no,no,no,no,no,low,pseudomonas test positive | streptococcus test positive | neutropenic colitis | ileus | gastrointestinal haemorrhage,Standard Dose (100%)
10398292,13,1,CC,*1/*3,no,no,no,no,no,no,low,neutropenic colitis | liver iron concentration increased,Standard Dose (100%)
10399292,8,2,CC,*1/*3,no,no,no,no,no,no,low,diarrhoea haemorrhagic,Standard Dose (100%)
10401430,15,1,CC,*1/*3,no,no,no,no,no,no,low,hypokalaemia | staphylococcal infection,Standard Dose (100%)
10401909,5,2,CC,*1/*3,no,no,no,no,no,no,low,pancytopenia | respiratory failure | pyrexia | decreased appetite | hypophagia | haemoptysis | respiratory tract infection fungal | zygomycosis,Standard Dose (100%)
10404715,5,2,CC,*3/*3,no,no,no,no,no,no,low,drug effect incomplete | anxiety | neutrophil count abnormal,Standard Dose (100%)
10404781,8,2,CT,*1/*3,no,no,no,no,no,no,low,toxicity to various agents | diarrhoea haemorrhagic,Standard Dose (100%)
10405393,11,1,CC,*1/*3,no,no,no,no,no,no,low,renal failure acute | hypovolaemia,Standard Dose (100%)
10405449,14,1,CC,*1/*1,no,no,no,no,no,yes,low,infusion related reaction | angioedema | unresponsive to stimuli | anaphylactic reaction,Reduce Dose by 25%
10405611,9,1,CC,*1/*3,no,no,no,no,no,no,high,confusional state | mental status changes | neutropenia | areflexia | corneal reflex decreased | nausea | eye movement disorder | headache | haemophil,Standard Dose (100%)
10406511,8,2,CC,*1/*3,no,no,no,no,no,no,low,diarrhoea haemorrhagic,Standard Dose (100%)
10406965,8,2,CC,*1/*1,no,no,no,no,no,no,low,diarrhoea haemorrhagic,Standard Dose (100%)
10408525,16,1,CC,*3/*3,no,no,no,no,no,no,low,tumour necrosis | intestinal perforation,Standard Dose (100%)
10408585,9,1,TT,*1/*3,no,no,no,no,no,no,low,cerebral vasoconstriction,Standard Dose (100%)
10410988,13,1,TT,*1/*1,no,no,no,no,no,no,low,pneumonia fungal | hypotension,Standard Dose (100%)
10412725,11,2,CC,*3/*3,no,no,no,yes,no,no,high,abdominal pain | chills | abdominal tenderness | tachypnoea | haemophilus infection | hypertension | multi-organ failure | autoimmune haemolytic anaem,Standard Dose (100%)
10418395,13,1,CC,*3/*3,no,no,no,no,no,no,high,dehydration | hypotension | rash maculo-papular | pyrexia | hepatic failure | stevens-johnson syndrome | toxic epidermal necrolysis | abdominal pain |,Standard Dose (100%)
10418522,9,1,CC,*1/*3,no,no,no,no,no,no,low,cerebral ischaemia | febrile bone marrow aplasia | cerebral vasoconstriction,Standard Dose (100%)
10419846,12,2,CT,*3/*3,yes,no,no,no,no,no,high,neurotoxicity,Reduce Dose by 25%
10419887,8,2,CC,*3/*3,no,no,no,no,no,no,low,diarrhoea haemorrhagic,Standard Dose (100%)
10420887,2,1,CC,*1/*1,no,no,no,no,no,no,low,pseudomembranous colitis | hypertension | febrile neutropenia | sepsis syndrome | dyspnoea,Standard Dose (100%)
10421008,8,1,CT,*3/*3,no,no,no,no,no,no,low,acute hepatic failure | coagulopathy | multi-organ failure | haemoglobin decreased | venoocclusive liver disease | condition aggravated | nausea | gas,Standard Dose (100%)
10421035,9,1,CC,*3/*3,no,no,no,no,no,no,high,headache | diarrhoea | wrong technique in drug usage process | drug administered at inappropriate site | product label confusion | gastrointestinal pa,Standard Dose (100%)
10428676,9,1,CC,*3/*3,no,no,no,no,no,no,low,urticaria | bronchospasm,Standard Dose (100%)
10431577,13,1,CC,*1/*3,no,no,no,no,no,no,low,neutropenic colitis,Standard Dose (100%)
10431645,9,1,CT,*3/*3,no,no,no,no,no,no,low,headache | petechiae | vomiting | loss of consciousness | toxicity to various agents | hyperthermia | tachycardia | febrile bone marrow aplasia | urin,Standard Dose (100%)
10432253,15,2,CC,*1/*3,no,no,no,no,no,no,low,pleural effusion | haematuria | platelet count decreased | hypotension | dyspnoea | bacterial test positive | chills | tachypnoea | haematemesis | neu,Standard Dose (100%)
10432374,8,2,CC,*3/*3,no,no,no,no,no,no,low,diarrhoea haemorrhagic,Standard Dose (100%)
10433782,7,1,TT,*1/*3,no,no,no,no,no,no,low,haemodialysis | tumour lysis syndrome | pleural effusion | renal impairment,Standard Dose (100%)
10434296,4,2,CT,*1/*3,no,no,no,no,no,no,low,disease recurrence | drug ineffective | haemangioma,Standard Dose (100%)
10434665,5,2,CT,*1/*3,no,no,no,no,no,yes,low,off label use | drug ineffective | drug resistance,Reduce Dose by 25%
10436405,7,1,CC,*1/*1,no,no,no,no,no,no,low,tumour lysis syndrome | renal failure | pleural effusion | haemodialysis,Standard Dose (100%)
10436430,15,2,CT,*1/*3,no,no,no,no,no,no,low,enterovirus test positive | human rhinovirus test positive | haematemesis | hypotension | pyrexia | haematuria | pleural effusion | neutrophil count d,Standard Dose (100%)
10438324,7,1,CC,*3/*3,no,no,no,no,no,no,low,sinus tachycardia | hypotension,Standard Dose (100%)
10439026,15,2,TT,*3/*3,no,no,no,no,no,no,low,death | pleural fibrosis,Standard Dose (100%)
10441148,6,1,CT,*3/*3,no,no,no,no,no,yes,low,hypoglycaemia | decreased appetite,Reduce Dose by 25%
10441288,5,2,CC,*3/*3,no,no,no,no,no,no,low,mouth ulceration | hypophagia | rash | pancytopenia | discomfort | wound | mucosal inflammation | urine odour abnormal,Standard Dose (100%)
10441302,3,1,CC,*1/*3,no,no,no,no,no,no,low,blister | pyrexia | toxicity to various agents | swelling face | hand-foot-and-mouth disease | epstein-barr virus infection | lymphadenitis,Standard Dose (100%)
10442789,6,2,TT,*1/*3,no,no,no,no,no,yes,high,neutropenia | musculoskeletal chest pain | stomatitis | malaise | pyrexia,Reduce Dose by 50%
10444015,8,2,CC,*1/*3,no,no,no,no,no,no,low,diarrhoea haemorrhagic,Standard Dose (100%)
10444232,1,1,TT,*1/*1,no,no,no,no,no,no,low,middle insomnia | vomiting,Standard Dose (100%)
10444429,11,1,CC,*1/*3,no,no,no,no,no,no,low,myelodysplastic syndrome,Standard Dose (100%)
10447467,3,1,TT,*3/*3,no,no,no,no,no,no,low,blood pressure inadequately controlled | hyperglycaemia | pulmonary haemorrhage | convulsion | drooling | left ventricular hypertrophy | fluid retenti,Standard Dose (100%)
10447661,12,2,CC,*3/*3,no,no,no,no,no,no,high,acute myeloid leukaemia | musculoskeletal pain | abdominal pain upper | musculoskeletal discomfort,Standard Dose (100%)
10447666,2,1,CT,*1/*3,no,no,no,no,no,no,high,pseudomembranous colitis | abdominal pain | diarrhoea | sepsis | abdominal distension | febrile neutropenia | respiratory distress | hypertension,Standard Dose (100%)
10447667,6,1,CC,*1/*3,no,no,yes,no,no,no,low,hypophosphataemia | aspartate aminotransferase increased | hypocalcaemia | alanine aminotransferase increased,Standard Dose (100%)
10450729,3,1,CC,*1/*3,no,no,no,no,no,no,low,candida infection | hypertension | irritability | posterior reversible encephalopathy syndrome | oedema | bradycardia | respiratory tract infection fu,Standard Dose (100%)
10452671,10,1,TT,*3/*3,no,no,no,no,no,no,low,hypertension | unresponsive to stimuli | headache | vision blurred | gaze palsy | photophobia,Standard Dose (100%)
10452712,15,2,CC,*1/*3,no,no,no,no,no,no,high,pain | pyrexia | tachycardia | aspergillus infection | pleural effusion | respiratory distress | chest pain | pulmonary mass | depression,Standard Dose (100%)
10456978,11,1,CT,*3/*3,no,no,no,no,no,no,high,rash erythematous | abdominal pain | vomiting | hypersensitivity | rash pruritic,Standard Dose (100%)
10458637,3,1,CC,*1/*1,no,no,no,no,no,no,low,haemorrhage intracranial | hypoxia | bradycardia | lung infection | hypertension | candida infection | pulmonary haemorrhage,Standard Dose (100%)
10458645,5,2,CT,*1/*3,no,no,no,no,no,no,low,respiratory failure | pancytopenia | decreased appetite | fungal infection | pyrexia | zygomycosis,Standard Dose (100%)
10458649,14,1,CC,*1/*3,no,no,no,no,no,no,low,anaphylactic reaction | hypotension | unresponsive to stimuli | obstructive airways disorder | angioedema | pruritus,Standard Dose (100%)
10467411,9,2,CC,*1/*1,no,no,no,no,no,no,low,febrile neutropenia | mucosal inflammation,Standard Dose (100%)
10468161,5,2,CC,*3/*3,no,no,no,no,no,no,low,disease progression | death,Standard Dose (100%)
10469889,6,1,CT,*1/*1,no,no,no,no,no,no,low,device related infection | sepsis | wound infection | hypoxia | febrile neutropenia,Standard Dose (100%)
10470608,5,2,TT,*1/*3,yes,no,no,no,no,no,high,polyneuropathy,Reduce Dose by 50%
10471537,1,2,CC,*3/*3,no,no,no,no,no,no,low,febrile neutropenia,Standard Dose (100%)
10473623,1,2,CC,*3/*3,no,no,no,no,no,no,low,sepsis | hypotension,Standard Dose (100%)
10474335,2,1,CT,*3/*3,no,no,no,no,no,no,low,febrile neutropenia | device related infection,Standard Dose (100%)
10478899,3,1,CT,*1/*3,no,no,yes,no,no,no,low,aspartate aminotransferase increased | drug-induced liver injury | alanine aminotransferase increased,Standard Dose (100%)
10479524,5,,CC,*1/*3,no,no,no,no,no,no,low,haemorrhage,Standard Dose (100%)
10480186,8,2,TT,*1/*3,no,no,no,no,no,no,low,pneumocystis jirovecii pneumonia | lymphopenia,Standard Dose (100%)
10480627,18,1,CC,*1/*3,no,no,no,no,no,no,high,dysuria | bile duct stone | vomiting | asthenia | pain | abdominal pain upper,Standard Dose (100%)
10482714,6,2,CT,*3/*3,no,no,no,no,no,no,low,escherichia infection | febrile neutropenia,Standard Dose (100%)
10483832,8,2,CC,*1/*1,no,no,no,no,no,no,low,pneumocystis jirovecii pneumonia | lymphopenia,Standard Dose (100%)
10486342,11,2,CC,*1/*1,no,no,no,no,no,yes,low,headache | hypertension | posterior reversible encephalopathy syndrome,Reduce Dose by 25%
10489011,9,1,TT,*3/*3,no,no,no,no,no,no,low,pruritus | simplex virus test positive | stomatitis | nausea | infection | vomiting,Standard Dose (100%)
10489124,13,2,TT,*1/*1,no,no,no,no,no,no,low,platelet count decreased | febrile neutropenia | haemoglobin decreased | white blood cell count decreased,Standard Dose (100%)
10493913,13,2,CC,*1/*3,no,no,no,no,no,no,low,malaise | oxygen consumption decreased,Standard Dose (100%)
10494414,11,1,CT,*3/*3,no,no,no,no,no,no,low,venoocclusive liver disease | disseminated intravascular coagulation | lethargy | respiratory distress,Standard Dose (100%)
10494994,6,1,CT,*1/*3,no,no,no,no,no,no,low,hypertriglyceridaemia | ascites | cushing^s syndrome | blood cholesterol increased | pseudohyponatraemia | h1n1 influenza,Standard Dose (100%)
10495267,11,1,CC,*3/*3,no,no,no,no,no,no,low,venoocclusive liver disease,Standard Dose (100%)
10495727,10,1,CC,*1/*3,no,no,no,no,no,no,low,pyrexia | myalgia,Standard Dose (100%)
10495997,17,1,CC,*1/*3,no,no,no,no,no,no,high,abdominal pain | pancreatic necrosis | nausea | failure to thrive | splenic vein thrombosis | pancreatitis,Standard Dose (100%)
10498021,8,2,TT,*1/*1,no,no,no,no,no,no,low,pneumocystis jirovecii pneumonia,Standard Dose (100%)
10498308,11,1,CT,*1/*3,no,no,no,no,no,no,low,respiratory distress | lethargy | disseminated intravascular coagulation | venoocclusive liver disease,Standard Dose (100%)
10501377,3,2,CT,*1/*3,no,no,no,no,no,no,low,febrile neutropenia | pseudomonas infection,Standard Dose (100%)
10504492,1,2,CC,*1/*3,no,no,yes,no,no,no,low,alanine aminotransferase increased | aspartate aminotransferase increased | bacteraemia,Standard Dose (100%)
10506225,4,2,CT,*1/*3,no,no,no,no,no,no,low,pneumatosis intestinalis,Standard Dose (100%)
10507325,3,2,CC,*3/*3,no,no,no,yes,no,no,high,abdominal pain upper | anaemia | thrombocytopenia | hypotension | hypovolaemia | feeling cold | diarrhoea | lethargy | constipation | increased appeti,Standard Dose (100%)
10508634,2,1,CC,*3/*3,no,no,no,no,no,no,low,hypertriglyceridaemia,Standard Dose (100%)
10508870,4,1,TT,*1/*3,no,yes,no,no,no,no,high,escherichia sepsis | neutropenia | mucosal inflammation | pancytopenia | pain in extremity | gait disturbance,Reduce Dose by 50%
10510009,4,1,CT,*3/*3,no,no,no,no,no,no,low,ileus | cardiopulmonary failure | respiratory failure | respiratory tract infection fungal | pulmonary oedema | zygomycosis | respiratory distress | h,Standard Dose (100%)
10510504,16,1,CC,*1/*3,no,no,no,no,no,no,low,herpes zoster | pneumonia | stomatitis,Standard Dose (100%)
10510529,4,2,CT,*1/*1,no,no,no,no,no,no,low,pneumatosis intestinalis | febrile neutropenia | stomatitis,Standard Dose (100%)
10511030,18,2,TT,*3/*3,no,no,no,no,no,no,low,odynophagia | arthritis bacterial | ureaplasma infection | neutropenia,Standard Dose (100%)
10512384,14,1,CC,*1/*3,no,no,no,no,no,no,low,somnolence | amnesia | somnolence,Standard Dose (100%)
10514539,17,1,CC,*1/*3,no,no,no,no,no,no,low,pancreatic necrosis | splenic vein thrombosis | pancreatitis,Standard Dose (100%)
10516278,4,2,CT,*1/*1,no,no,no,no,no,no,low,stomatitis | febrile neutropenia | pneumatosis intestinalis,Standard Dose (100%)
10521824,8,1,TT,*3/*3,yes,no,no,no,no,yes,high,muscle twitching | off label use | extrapyramidal disorder | dystonia | neurotoxicity,Hold / Omit Dose
10521998,11,1,CT,*3/*3,no,no,no,no,no,no,low,venoocclusive liver disease,Standard Dose (100%)
10523226,9,1,CT,*1/*3,no,no,no,no,no,no,low,encephalopathy,Standard Dose (100%)
10523743,18,1,CC,*3/*3,no,no,no,no,no,no,low,sepsis | pyrexia | embolism | vascular access complication | lung infection,Standard Dose (100%)
10524204,1,1,CT,*1/*3,no,no,no,no,no,no,low,ascites | inappropriate antidiuretic hormone secretion | abdominal distension | neutropenia | streptococcal infection | pseudomonas infection | ileus ,Standard Dose (100%)
10524923,13,1,CC,*3/*3,no,no,no,no,no,no,low,post transplant lymphoproliferative disorder,Standard Dose (100%)
10527384,16,1,CC,*1/*3,no,no,no,no,no,no,low,hyponatraemia | tumour lysis syndrome | hypotension | blood bilirubin increased,Standard Dose (100%)
10528181,10,2,CC,*3/*3,no,no,yes,no,no,yes,low,hepatotoxicity | bone marrow failure,Reduce Dose by 25%
10528989,4,1,CT,*3/*3,no,no,no,no,no,no,high,zygomycosis | abdominal distension | pain in extremity | hypoglycaemia | seizure | pulmonary oedema | fluid overload | cardiopulmonary failure | acute,Standard Dose (100%)
10529832,6,2,CC,*1/*1,no,no,no,no,no,no,low,streptococcus test positive | stomatitis | nausea | blood culture positive | decreased appetite | hypoxia,Standard Dose (100%)
10530457,3,2,CC,*3/*3,no,no,no,no,no,no,low,bone marrow toxicity | febrile neutropenia,Standard Dose (100%)
10530631,4,2,CC,*3/*3,no,no,no,no,no,no,high,febrile neutropenia | abdominal pain | pneumatosis intestinalis | mucosal inflammation | diarrhoea,Standard Dose (100%)
10530718,4,1,CC,*3/*3,no,no,no,no,no,no,low,abdominal distension | pulmonary oedema | general physical health deterioration | zygomycosis | respiratory distress | cardiac failure | fluid overloa,Standard Dose (100%)
10531244,5,1,CT,*3/*3,no,no,no,no,no,no,low,intracranial venous sinus thrombosis,Standard Dose (100%)
10533857,10,1,CC,*1/*3,no,no,no,no,no,yes,low,encephalopathy,Reduce Dose by 25%
10534058,1,2,CC,*3/*3,no,no,yes,no,no,no,low,aspartate aminotransferase increased | alanine aminotransferase increased,Standard Dose (100%)
10534118,9,2,CC,*3/*3,no,no,yes,no,no,no,low,alanine aminotransferase increased | hepatitis | pancytopenia | drug interaction | aspartate aminotransferase increased,Standard Dose (100%)
10537730,17,1,CC,*1/*1,no,no,no,no,no,no,low,pancreatitis | pancreatic necrosis | splenic vein thrombosis | failure to thrive,Standard Dose (100%)
10538317,14,1,CC,*1/*3,no,no,no,no,no,no,low,tachycardia | amnesia | feeling abnormal | depersonalisation | somnolence | hypoaesthesia,Standard Dose (100%)
10538377,11,1,TT,*1/*1,no,no,no,yes,no,no,low,anaemia | pleural effusion | venoocclusive liver disease | off label use | thrombocytopenia | disseminated intravascular coagulation,Standard Dose (100%)
10539283,6,2,CT,*3/*3,no,no,no,no,no,no,low,renal failure | anuria | hypertension | posterior reversible encephalopathy syndrome,Standard Dose (100%)
10539722,9,2,TT,*1/*3,no,no,yes,no,no,yes,low,aspartate aminotransferase increased | alanine aminotransferase increased | pancytopenia | drug interaction | hepatitis,Reduce Dose by 50%
10540168,15,1,CC,*1/*3,no,no,no,no,no,no,high,chest pain | hiccups,Standard Dose (100%)
10543936,10,2,CT,*1/*3,no,no,no,no,no,no,low,blood culture positive | colitis | supraventricular tachycardia | hyperglycaemia | enterobacter test positive | posterior reversible encephalopathy sy,Standard Dose (100%)
10544819,6,2,CC,*1/*3,no,no,no,no,no,no,low,renal failure | posterior reversible encephalopathy syndrome | hypertension,Standard Dose (100%)
10547384,6,2,CC,*1/*1,no,no,no,no,no,no,low,renal failure | haemodialysis | posterior reversible encephalopathy syndrome | hypertension,Standard Dose (100%)
10548428,3,2,CT,*3/*3,no,no,yes,yes,no,no,high,liver function test abnormal | urosepsis | escherichia urinary tract infection | traumatic lumbar puncture | neutrophil count decreased | decreased ap,Standard Dose (100%)
10548712,3,2,CC,*3/*3,no,no,no,yes,no,no,high,fluid overload | septic shock | urosepsis | fatigue | thrombocytopenia | photophobia | anaemia | hypovolaemia | abdominal pain upper | tachycardia | h,Standard Dose (100%)
10551759,2,1,CC,*3/*3,no,no,no,no,no,no,low,oedema | urticaria | rash,Standard Dose (100%)
10552071,4,2,CC,*1/*1,no,no,no,no,no,no,low,glomerular filtration rate decreased | haematotoxicity | deafness,Standard Dose (100%)
10557859,4,2,CC,*1/*3,no,no,no,no,no,no,low,febrile neutropenia,Standard Dose (100%)
10559859,11,1,CT,*1/*3,no,no,no,no,no,no,low,eyelid ptosis | cranial nerve disorder | ophthalmoplegia,Standard Dose (100%)
10560849,6,2,TT,*3/*3,no,no,no,no,no,no,low,renal failure | posterior reversible encephalopathy syndrome | hypertension,Standard Dose (100%)
10561192,7,2,TT,*1/*1,no,no,yes,no,no,no,low,alanine aminotransferase increased | aspartate aminotransferase increased | urinary tract infection,Reduce Dose by 25%
10561972,14,1,CT,*3/*3,no,no,no,no,no,no,low,pneumatosis intestinalis | pneumoperitoneum | off label use,Standard Dose (100%)
10562279,6,2,CC,*1/*3,no,no,no,no,no,no,high,renal failure | fatigue | haemodialysis | weight decreased | constipation | posterior reversible encephalopathy syndrome | decreased appetite | vomiti,Standard Dose (100%)
10565440,6,2,CT,*1/*1,no,no,no,no,no,no,low,haemodialysis | renal failure,Standard Dose (100%)
10566468,18,1,CT,*1/*1,no,no,no,no,no,no,low,malignant neoplasm progression | generalised tonic-clonic seizure | confusional state | vasogenic cerebral oedema | blood pressure increased | posteri,Standard Dose (100%)
10566536,6,2,CC,*3/*3,no,no,no,no,no,no,low,hypertension | renal failure | posterior reversible encephalopathy syndrome,Standard Dose (100%)
10567580,14,2,CT,*1/*3,no,no,no,no,no,no,high,haemodialysis | hypotension | gallbladder necrosis | chest pain | pulmonary embolism | colitis | dyspnoea | peritoneal necrosis | multi-organ failure,Standard Dose (100%)
10569952,17,1,CC,*1/*3,no,no,no,no,no,no,low,splenic vein thrombosis | pancreatitis | failure to thrive | necrosis,Standard Dose (100%)
10571215,8,1,CC,*1/*3,no,no,no,yes,no,no,high,oedema peripheral | sepsis | acute kidney injury | hypernatraemia | delirium | hypertension | clostridium difficile colitis | oedema genital | hypoxia,Standard Dose (100%)
10571782,14,1,CT,*1/*3,no,no,no,no,no,no,low,pneumatosis intestinalis | pneumoperitoneum,Standard Dose (100%)
10572316,5,2,CT,*3/*3,no,no,no,no,no,no,low,pulmonary hypertension,Standard Dose (100%)
10572910,3,2,CC,*3/*3,no,no,yes,yes,no,yes,high,thrombocytopenia | infection | hypovolaemia | immunodeficiency | photophobia | traumatic lumbar puncture | blood lactic acid increased | diarrhoea | d,Reduce Dose by 25%
10576840,1,2,CT,*1/*3,no,no,no,no,no,no,low,bacteraemia,Standard Dose (100%)
10580153,5,2,CC,*3/*3,no,no,no,no,no,no,low,respiratory distress | cardiac disorder | pulmonary artery wall hypertrophy | tachycardia | pulmonary hypertension,Standard Dose (100%)
10580855,18,1,CT,*3/*3,no,no,no,no,no,no,low,posterior reversible encephalopathy syndrome | blood pressure increased | loss of consciousness | malignant neoplasm progression | b precursor type ac,Standard Dose (100%)
10583787,9,2,TT,*1/*1,no,no,no,no,no,no,low,tuberculosis | intervertebral discitis | abscess,Standard Dose (100%)
10584935,14,1,CC,*3/*3,no,no,no,no,no,yes,low,somnolence | tachycardia | amnesia | anterograde amnesia | depersonalisation | palpitations | hypoaesthesia | feeling abnormal,Reduce Dose by 25%
10585183,5,2,CT,*3/*3,no,no,no,no,no,no,low,pulmonary hypertension,Standard Dose (100%)
10586269,7,2,TT,*1/*1,yes,no,no,no,no,no,high,neurotoxicity | neutropenia | drug interaction | toxicity to various agents,Reduce Dose by 50%
10587323,5,2,CT,*1/*3,no,no,no,no,no,no,low,pulmonary arterial hypertension | product use issue,Standard Dose (100%)
10592686,14,2,CT,*1/*1,no,no,no,no,no,no,low,vomiting | asthenia | acidosis | dehydration | nasopharyngitis | decreased appetite | diarrhoea | pyrexia | coagulopathy | hypotension | multi-organ f,Standard Dose (100%)
10598477,1,1,CT,*3/*3,no,no,no,no,no,no,low,febrile neutropenia | colitis,Standard Dose (100%)
10601732,2,1,CC,*3/*3,no,no,no,no,no,no,low,hemiparesis | cerebral venous thrombosis | status epilepticus | partial seizures,Standard Dose (100%)
10602085,8,1,TT,*3/*3,no,no,no,no,no,no,high,hemianopia homonymous | brain abscess | cholangitis | cholecystitis | bacterial infection | delirium | headache | bacillus bacteraemia | brain oedema ,Standard Dose (100%)
10602709,14,1,CC,*3/*3,no,no,no,no,no,no,low,pneumoperitoneum | pneumatosis intestinalis,Standard Dose (100%)
10606853,3,2,CC,*1/*3,no,no,no,no,no,yes,low,bronchopneumonia | pericardial effusion | pulse abnormal | pertussis | respiratory tract infection | respiratory distress | tachycardia | pleural effu,Reduce Dose by 25%
10606904,16,2,CT,*3/*3,no,no,yes,no,no,no,high,pain in extremity | erythema | pyrexia | pharyngeal erythema | dyspnoea | sepsis | skin burning sensation | aspartate aminotransferase increased | res,Standard Dose (100%)
10612020,8,1,TT,*1/*3,no,no,no,no,no,no,low,bacillus infection | cholangitis | brain abscess | hemianopia homonymous,Standard Dose (100%)
10615591,2,1,CC,*1/*3,no,no,no,no,no,no,low,unresponsive to stimuli,Standard Dose (100%)
10616681,14,1,CC,*1/*3,no,no,no,no,no,no,low,amnesia | palpitations | depersonalisation | tachycardia | feeling abnormal | somnolence | hypoaesthesia,Standard Dose (100%)
10618909,5,2,CT,*3/*3,yes,no,no,no,no,no,high,escherichia sepsis | polyneuropathy,Reduce Dose by 25%
10619168,5,2,CT,*1/*3,no,no,no,no,no,no,low,respiratory distress | tachycardia | pulmonary arterial hypertension,Standard Dose (100%)
10620641,18,1,TT,*1/*3,yes,no,no,no,no,yes,high,neurotoxicity | hydrocephalus,Hold / Omit Dose
10621467,11,1,CC,*1/*3,no,no,no,no,no,no,low,nausea | sepsis | klebsiella test positive | staphylococcus test positive | haemoglobin decreased | therapeutic response decreased | respiratory disor,Standard Dose (100%)
10622001,3,1,CT,*1/*3,no,no,no,yes,no,yes,low,thrombocytopenia | hepatomegaly | otorrhoea | neutropenia | anaemia | pyrexia | otitis media | ascites | abdominal distension | chills | cough,Reduce Dose by 25%
10626175,18,2,TT,*3/*3,no,no,no,no,no,no,high,ascites | gastrointestinal oedema | neutropenia | intestinal ischaemia | abdominal pain | gastrointestinal necrosis,Standard Dose (100%)
10627354,3,1,TT,*3/*3,no,no,no,no,no,no,low,colitis,Standard Dose (100%)
10632626,8,1,CT,*3/*3,no,no,no,no,no,no,high,pain in extremity,Standard Dose (100%)
10641098,17,1,CC,*3/*3,no,no,no,no,no,no,low,insulin resistance,Standard Dose (100%)
10641099,17,1,CC,*1/*3,no,no,no,yes,no,no,low,haemolytic anaemia,Standard Dose (100%)
10643591,3,1,CC,*3/*3,no,no,no,no,no,no,low,protein s decreased | cerebral venous thrombosis | antithrombin iii decreased,Standard Dose (100%)
10643593,3,2,CC,*1/*3,no,no,no,no,no,no,low,cerebral venous thrombosis,Standard Dose (100%)
10649291,1,2,TT,*1/*1,no,no,no,no,no,no,low,staphylococcal bacteraemia,Standard Dose (100%)
10653932,14,1,CC,*1/*3,no,no,no,no,no,no,low,disseminated intravascular coagulation | herpes zoster disseminated | hepatitis fulminant | myocarditis | multiple organ dysfunction syndrome,Standard Dose (100%)
10654384,13,1,CC,*3/*3,no,no,yes,yes,no,no,low,anaemia | upper gastrointestinal haemorrhage | aspartate aminotransferase increased | decreased appetite | alanine aminotransferase increased | hypoph,Standard Dose (100%)
10655397,18,1,CC,*3/*3,no,no,yes,no,no,no,low,alanine aminotransferase increased,Standard Dose (100%)
10655467,3,1,CC,*1/*3,no,no,no,no,no,no,low,neutropenia | mucosal inflammation,Standard Dose (100%)
10655468,4,1,CT,*3/*3,no,no,no,no,no,no,low,neutropenia | mucosal inflammation,Standard Dose (100%)
10655469,4,1,CT,*1/*3,no,no,no,no,no,no,low,mucosal inflammation | neutropenia,Standard Dose (100%)
10655505,5,1,CC,*3/*3,no,no,no,no,no,no,low,neutropenia | venoocclusive liver disease | mucosal inflammation,Standard Dose (100%)
10655507,3,1,CC,*1/*3,no,no,no,no,no,no,low,mucosal inflammation | neutropenia,Standard Dose (100%)
10655509,7,2,CT,*1/*3,no,no,no,no,no,no,low,mucosal inflammation | neutropenia,Standard Dose (100%)
10661525,3,2,TT,*3/*3,no,no,no,no,no,no,low,blood alkaline phosphatase increased,Standard Dose (100%)
10662243,6,1,CC,*3/*3,no,no,no,no,no,no,low,scar | eczema | rash | infestation | chalazion | erythema,Standard Dose (100%)
10662431,8,1,CC,*1/*3,no,no,no,no,no,no,low,leukopenia | neutropenia,Standard Dose (100%)
10663219,8,2,CT,*1/*3,no,no,no,no,no,no,low,pancreatitis necrotising | cerebral haemorrhage | cerebellar haemorrhage,Standard Dose (100%)
10664204,2,1,CC,*1/*3,no,no,no,no,no,no,low,blood bilirubin increased | bilirubin conjugated increased | venoocclusive disease | ascites,Standard Dose (100%)
10666426,1,1,TT,*3/*3,no,no,yes,no,no,no,low,alanine aminotransferase increased,Reduce Dose by 25%
10669133,2,1,TT,*3/*3,no,no,no,no,no,no,low,febrile bone marrow aplasia | disease recurrence | encephalopathy,Standard Dose (100%)
10672324,3,1,CC,*1/*3,no,no,no,no,no,no,low,mucosal inflammation | off label use | febrile neutropenia,Standard Dose (100%)
10678529,13,1,CT,*1/*3,no,no,no,no,no,no,low,inappropriate antidiuretic hormone secretion | posterior reversible encephalopathy syndrome,Standard Dose (100%)
10681033,7,1,CC,*3/*3,no,no,no,no,no,no,low,depressed level of consciousness | hypersomnia,Standard Dose (100%)
10682909,1,2,CT,*1/*1,no,no,no,no,no,no,low,hypokalaemia,Standard Dose (100%)
10685312,8,1,CC,*1/*3,no,no,no,no,no,no,low,febrile neutropenia | dilatation ventricular | metabolic acidosis | circulatory collapse | bone marrow disorder | multi-organ failure | candida test p,Standard Dose (100%)
10685434,6,1,CT,*3/*3,no,no,no,no,no,no,low,overdose | hypertension | unresponsive to stimuli | toxic encephalopathy | apnoea | drug dispensing error | ventricular extrasystoles,Standard Dose (100%)
10688218,5,1,CC,*1/*3,no,no,no,no,no,no,low,hypertension | off label use | posterior reversible encephalopathy syndrome,Standard Dose (100%)
10688226,10,2,CC,*1/*3,no,no,no,no,no,no,low,mucosal inflammation | asthenia,Standard Dose (100%)
10690790,5,1,CC,*1/*3,no,no,no,no,no,no,low,sepsis,Standard Dose (100%)
10695070,15,1,CC,*3/*3,no,no,no,no,no,no,low,oedema genital | haematuria | hypoalbuminaemia | condition aggravated | hyponatraemia | proteinuria | oedema peripheral,Standard Dose (100%)
10695587,3,2,CC,*1/*3,no,no,no,no,no,yes,low,empyema | ventricular dysfunction | pyrexia | staphylococcus test positive | effusion | staphylococcal infection | enterococcal sepsis | heart sounds ,Reduce Dose by 25%
10695614,6,1,TT,*3/*3,yes,no,no,no,no,no,high,neurotoxicity,Reduce Dose by 50%
10697344,3,2,TT,*3/*3,no,no,no,no,no,no,low,hypersensitivity,Standard Dose (100%)
10697630,3,1,CC,*1/*1,no,no,no,no,no,no,low,large intestine perforation,Standard Dose (100%)
10698615,15,1,CT,*1/*3,yes,no,no,no,no,no,high,polyneuropathy | haemochromatosis,Reduce Dose by 25%
10700290,16,1,CC,*3/*3,no,no,yes,no,no,no,low,drug-induced liver injury | alanine aminotransferase increased | aspartate aminotransferase increased,Standard Dose (100%)
10703751,2,1,CT,*3/*3,no,no,no,no,no,no,low,myocarditis,Standard Dose (100%)
10707443,11,2,TT,*1/*1,no,yes,no,no,no,no,high,klebsiella test positive | pulmonary haemorrhage | central nervous system lesion | skin lesion | pneumonia | blood culture positive | muscular weaknes,Reduce Dose by 50%
10708824,1,1,CC,*1/*3,no,no,no,no,no,no,low,device related infection | bacteraemia,Standard Dose (100%)
10713861,10,2,CC,*1/*3,no,no,no,no,no,no,low,mucosal inflammation | asthenia,Standard Dose (100%)
10716542,11,2,CC,*1/*3,no,no,no,no,no,no,low,encephalopathy,Standard Dose (100%)
10722960,16,2,CC,*3/*3,no,no,no,no,no,no,low,abortion spontaneous complete | maternal exposure during pregnancy | blood fibrinogen decreased | exposure during pregnancy | pulmonary haemorrhage | ,Standard Dose (100%)
10723567,9,,CC,*1/*3,no,no,no,no,no,no,low,viral sepsis | venoocclusive disease | multi-organ failure | enterococcal bacteraemia,Standard Dose (100%)
10723568,11,,TT,*3/*3,no,no,no,no,no,no,low,sepsis,Standard Dose (100%)
10723569,6,,CC,*3/*3,no,no,no,no,no,no,low,multi-organ failure,Standard Dose (100%)
10726154,3,2,CC,*1/*3,no,no,no,no,no,no,low,left ventricular dysfunction | staphylococcal infection | neutropenia | urosepsis | respiratory distress | enterococcal infection,Standard Dose (100%)
10726950,8,1,TT,*3/*3,no,no,no,no,no,yes,low,general physical health deterioration | central nervous system lesion | bone marrow failure | mucous membrane disorder,Reduce Dose by 50%
10732819,15,1,TT,*3/*3,yes,no,no,no,no,no,high,cough | asphyxia | neuralgia | dyspnoea | demyelination | no therapeutic response | polyneuropathy | quadriplegia | chest discomfort,Reduce Dose by 50%
10732897,15,2,TT,*1/*3,no,no,no,no,no,no,low,drug ineffective | off label use,Standard Dose (100%)
10732925,15,1,CC,*3/*3,yes,no,no,no,no,no,high,polyneuropathy,Reduce Dose by 25%
10735910,7,1,CC,*1/*1,no,no,no,no,no,no,low,pancytopenia | nausea | acute myeloid leukaemia | diarrhoea | cardio-respiratory arrest | pyrexia,Standard Dose (100%)
10736621,3,1,CT,*1/*3,no,no,no,no,no,no,low,hydronephrosis | pyelocaliectasis,Standard Dose (100%)
10736634,15,1,CT,*3/*3,yes,yes,no,no,no,no,high,ataxia | flank pain | muscular weakness | nephrolithiasis | dysphemia | dysarthria | neurotoxicity | aphasia,Reduce Dose by 25%
10741308,14,1,CT,*3/*3,no,no,no,no,no,no,high,diarrhoea | nausea | insomnia | vomiting | lung infection | neutropenic infection | abdominal pain | hypotension | pain,Standard Dose (100%)
10741454,13,2,CC,*3/*3,no,no,no,no,no,no,low,electrolyte imbalance | dialysis | tumour lysis syndrome,Standard Dose (100%)
10744092,10,2,TT,*1/*3,no,no,no,no,no,no,low,nuclear magnetic resonance imaging brain abnormal | multi-organ failure | intra-abdominal pressure increased | acidosis | gastrointestinal necrosis | ,Standard Dose (100%)
10744581,5,1,CC,*1/*3,no,no,no,no,no,no,low,anuria | nephrolithiasis | blood urea increased | blood phosphorus increased | haematuria | blood creatinine increased | blood uric acid increased | h,Standard Dose (100%)
10744602,3,1,CC,*1/*3,no,no,no,no,no,no,high,haematuria | back pain | pyelocaliectasis,Standard Dose (100%)
10747366,2,2,CC,*1/*3,no,no,no,no,no,no,low,drug effect decreased | respiratory failure | labile blood pressure | fluid overload | capillary leak syndrome | viral infection,Standard Dose (100%)
10747371,5,1,CC,*1/*3,no,no,no,yes,no,yes,low,sepsis | cytomegalovirus viraemia | cardiopulmonary failure | haemorrhage | respiratory failure | febrile neutropenia | haemolytic anaemia | haematuri,Reduce Dose by 25%
10748008,7,1,CT,*3/*3,no,no,no,no,no,yes,low,colitis | histiocytosis haematophagic | pneumonitis,Reduce Dose by 25%
10749171,10,1,CC,*3/*3,no,no,yes,yes,no,no,high,vomiting | bilirubin conjugated increased | aspartate aminotransferase increased | hydronephrosis | abdominal pain | nephrolithiasis | nausea | calcul,Standard Dose (100%)
10751464,8,1,CC,*1/*1,no,no,no,no,no,no,low,tricuspid valve incompetence | malaise | pneumocystis jirovecii infection | metabolic acidosis | endocarditis | hypotension | multi-organ failure | ca,Standard Dose (100%)
10751749,11,1,CC,*1/*3,no,no,no,no,no,no,low,hypertension | posterior reversible encephalopathy syndrome | epilepsy,Standard Dose (100%)
10752339,4,2,CC,*1/*1,no,no,no,no,no,yes,low,hypotension | sepsis | tachycardia,Reduce Dose by 25%
10753393,3,1,CT,*1/*3,no,no,no,no,no,no,low,pulmonary hypertension,Standard Dose (100%)
10753748,4,2,CC,*1/*1,no,no,no,no,no,no,low,pulmonary arterial hypertension,Standard Dose (100%)
10756154,6,1,CT,*1/*3,no,no,no,no,no,no,high,body temperature increased | pyrexia | catheter site swelling | catheter site erythema | device related infection | neutropenia | lethargy | febrile n,Standard Dose (100%)
10757241,7,1,CC,*3/*3,no,no,no,no,no,no,low,cerebral ischaemia | leukoencephalopathy | cerebral infarction | cerebral vasoconstriction,Standard Dose (100%)
10757534,17,2,CT,*1/*3,no,no,no,no,no,no,low,exposure during pregnancy,Standard Dose (100%)
10759414,5,2,CC,*1/*1,no,no,no,no,no,no,low,drug ineffective,Standard Dose (100%)
10759978,8,2,CT,*3/*3,no,no,no,no,no,no,low,skin erosion | papule | scar | hypertrichosis | milia | scab | porphyria non-acute,Standard Dose (100%)
10760798,6,2,CC,*3/*3,no,no,no,no,no,no,low,posterior reversible encephalopathy syndrome,Standard Dose (100%)
10761166,4,2,TT,*1/*1,no,no,no,no,no,no,low,encephalopathy,Standard Dose (100%)
10761406,10,2,CC,*3/*3,no,no,no,no,no,no,low,vomiting | hypochloraemia | dyspnoea | poor peripheral circulation | lethargy | hypotension | anion gap increased | pulse absent | hyponatraemia | cou,Standard Dose (100%)
10768616,15,1,CC,*3/*3,no,no,no,no,no,no,low,mental status changes | hepatic failure,Standard Dose (100%)
10769545,14,2,CT,*3/*3,no,no,no,no,no,no,low,respiratory failure | febrile neutropenia | atelectasis | sepsis | lethargy | vomiting,Standard Dose (100%)
10771463,2,1,CC,*1/*1,no,no,no,no,no,no,low,encephalopathy | hypotonia | hypertension | hypertonia | irritability | clonus,Standard Dose (100%)
10771566,6,2,CT,*1/*1,no,no,no,no,no,yes,low,seizure | blindness | intracranial pressure increased | cytotoxic oedema | posterior reversible encephalopathy syndrome,Reduce Dose by 25%
10774873,7,2,CC,*3/*3,no,no,no,no,no,no,low,nail disorder,Standard Dose (100%)
10775585,8,2,CC,*3/*3,no,no,no,no,no,no,low,porphyria non-acute,Standard Dose (100%)
10777291,1,2,CT,*3/*3,no,no,no,no,no,no,low,porphyria non-acute,Standard Dose (100%)
10779454,6,1,CT,*3/*3,no,no,no,no,no,no,low,mycobacterium fortuitum infection | lymphopenia | febrile neutropenia,Standard Dose (100%)
10784802,7,1,CC,*1/*3,no,no,no,no,no,no,low,progressive multifocal leukoencephalopathy | cerebral vasoconstriction | cerebral infarction,Standard Dose (100%)
10785349,15,2,CT,*1/*3,no,no,no,no,no,no,low,overdose | acute kidney injury,Standard Dose (100%)
10785483,5,2,CC,*3/*3,no,no,no,no,no,no,low,pancytopenia | decreased appetite | fungal infection | respiratory failure,Standard Dose (100%)
10787623,11,1,CC,*3/*3,no,no,no,no,no,no,low,hypertension | posterior reversible encephalopathy syndrome | epilepsy,Standard Dose (100%)
10789997,14,1,CT,*1/*3,no,no,no,no,no,no,low,recurrent cancer | muscle haemorrhage | desmoplastic small round cell tumour | metastases to lymph nodes | metastases to liver,Standard Dose (100%)
10793910,1,2,CC,*1/*3,no,no,no,no,no,no,low,febrile neutropenia,Standard Dose (100%)
10840192,6,1,TT,*3/*3,no,no,no,no,no,no,low,mycobacterium fortuitum infection | lymphopenia | petechiae | catheter site related reaction | platelet count decreased | haemoglobin decreased | cath,Standard Dose (100%)
10841116,15,1,CC,*1/*3,no,no,no,no,no,no,low,myelopathy | cranial nerve disorder | respiratory failure | peripheral sensorimotor neuropathy | blood copper decreased | pneumonia,Standard Dose (100%)
10871210,4,2,CT,*1/*1,no,no,no,no,no,no,low,enterobacter sepsis,Standard Dose (100%)
10874446,6,2,CT,*3/*3,no,no,no,no,no,no,low,posterior reversible encephalopathy syndrome,Standard Dose (100%)
10879747,5,1,CC,*3/*3,no,no,no,no,no,no,low,corona virus infection | sepsis | respiratory distress | pneumonia,Standard Dose (100%)
10880887,17,2,CC,*3/*3,no,no,no,no,no,no,high,intestinal perforation | enterococcus test positive | pneumonia | tachycardia | pseudomonas test positive | pyrexia | skin discolouration | peripheral,Standard Dose (100%)
10882806,11,2,CT,*1/*1,no,no,no,no,no,no,low,gastrointestinal haemorrhage | bacillary angiomatosis,Standard Dose (100%)
10896374,17,1,CC,*1/*3,no,no,no,no,no,no,low,death,Standard Dose (100%)
10897700,3,1,CC,*3/*3,no,no,no,no,no,yes,low,mental status changes | stomatococcal infection | seizure | neutrophil count decreased | meningitis bacterial,Reduce Dose by 25%
10900521,5,2,CC,*3/*3,no,no,no,no,no,no,low,staphylococcal infection | heart sounds abnormal | cardiomegaly | haematemesis | pericardial effusion | dilatation ventricular | prothrombin time prol,Standard Dose (100%)
10902803,4,1,TT,*3/*3,no,no,no,no,no,no,low,febrile bone marrow aplasia,Standard Dose (100%)
10903315,17,1,CT,*1/*3,no,no,no,no,no,yes,low,death,Reduce Dose by 25%
10906604,14,2,CC,*3/*3,no,no,no,no,no,no,low,skin depigmentation | infusion site warmth | flushing | hypotension,Standard Dose (100%)
10907513,2,1,CC,*1/*3,no,no,no,no,no,no,low,sepsis | fracture | peripheral motor neuropathy,Standard Dose (100%)
10908507,16,1,TT,*3/*3,no,no,no,no,no,no,low,aspergillus infection,Standard Dose (100%)
10917811,16,1,TT,*1/*3,no,no,no,no,no,no,low,second primary malignancy | acute myeloid leukaemia,Standard Dose (100%)
10920728,8,2,TT,*1/*1,no,no,no,no,no,no,low,febrile bone marrow aplasia | adverse reaction | product use issue,Standard Dose (100%)
10921185,4,1,CC,*1/*3,no,no,no,no,no,no,low,febrile bone marrow aplasia | ear infection,Standard Dose (100%)
10921798,18,2,CT,*3/*3,no,no,no,no,no,no,low,febrile neutropenia | mucosal inflammation | herpes simplex | multi-organ failure | candida infection,Standard Dose (100%)
10921799,13,1,CC,*3/*3,no,no,no,no,no,no,low,herpes simplex | infection reactivation | multi-organ failure | disseminated intravascular coagulation | mucosal inflammation | neutropenia,Standard Dose (100%)
10921818,5,2,CC,*1/*3,no,no,no,no,no,no,low,febrile neutropenia | mucosal inflammation | clostridium difficile infection | pseudomonas infection | herpes simplex encephalitis | ileus paralytic,Standard Dose (100%)
10923753,9,1,CT,*3/*3,no,no,no,no,no,no,low,colitis,Standard Dose (100%)
10925683,13,2,CC,*1/*3,no,no,no,yes,no,no,high,tachypnoea | tumour lysis syndrome | hepatic lesion | anaemia | malaise | hyperbilirubinaemia | disorientation | chest discomfort | thrombocytopenia |,Standard Dose (100%)
10925753,5,2,CC,*3/*3,no,no,no,no,no,no,low,vasculitis | cerebral infarction,Standard Dose (100%)
10929824,9,2,CC,*3/*3,no,no,no,yes,no,no,low,haemolytic anaemia,Standard Dose (100%)
10935449,11,1,CC,*3/*3,no,no,no,no,no,no,low,haemorrhagic diathesis | deafness | bone marrow failure | trisomy 8 | osteosarcoma | myelodysplastic syndrome | cytogenetic abnormality | acute graft ,Standard Dose (100%)
10945524,6,1,CC,*3/*3,no,no,no,no,no,no,low,febrile bone marrow aplasia,Standard Dose (100%)
10945551,5,1,TT,*3/*3,no,no,no,no,no,no,low,febrile bone marrow aplasia,Standard Dose (100%)
10949132,3,1,CC,*3/*3,no,no,no,no,no,no,low,food craving | somnolence | hypoglycaemia | tearfulness,Standard Dose (100%)
10952689,13,1,TT,*1/*3,no,no,no,no,no,no,low,hepatic function abnormal | jaundice | blood bilirubin increased,Standard Dose (100%)
10953024,14,1,CC,*1/*1,no,no,no,no,no,no,low,osteonecrosis,Standard Dose (100%)
10954440,11,1,CC,*3/*3,no,no,no,no,no,no,low,lymphocyte count decreased | viral infection | hypogammaglobulinaemia | campylobacter gastroenteritis | dizziness | neutrophil count decreased | eczem,Standard Dose (100%)
10955602,17,1,CC,*3/*3,no,no,yes,no,no,no,low,alanine aminotransferase increased | gamma-glutamyltransferase increased,Standard Dose (100%)
10959867,13,2,CC,*3/*3,no,no,no,no,no,no,low,electrolyte imbalance | hyperphosphataemia | tumour lysis syndrome | nephrolithiasis | acute kidney injury | dialysis,Standard Dose (100%)
10962814,9,1,CC,*3/*3,no,no,no,no,no,no,low,intentional product use issue | intentional product use issue | off label use | product use in unapproved indication | herpes simplex | respiratory di,Standard Dose (100%)
10963462,2,1,TT,*3/*3,no,yes,no,no,no,no,high,pain | peroneal nerve palsy | peripheral sensory neuropathy | muscular weakness | osteosclerosis | bone lesion | gait disturbance,Reduce Dose by 50%
10970995,14,2,CT,*3/*3,no,no,no,no,no,no,high,blood uric acid increased | fatigue | back pain | white blood cell count increased | epistaxis | contusion,Standard Dose (100%)
10971393,4,2,CT,*3/*3,no,no,no,no,no,no,low,condition aggravated | haemangioma-thrombocytopenia syndrome | neoplasm,Standard Dose (100%)
10973526,3,1,TT,*3/*3,no,no,no,no,no,no,high,pain in extremity | decreased appetite | sepsis | pyrexia | ecthyma | erythema | skin lesion | pseudomonas test positive,Standard Dose (100%)
10973688,16,2,CC,*3/*3,no,no,no,no,no,no,low,glioblastoma,Standard Dose (100%)
10977111,17,1,CC,*3/*3,no,no,no,no,no,no,low,cytomegalovirus chorioretinitis | retinal detachment,Standard Dose (100%)
10985105,17,2,CC,*3/*3,no,no,yes,no,no,no,high,tachycardia | hypoxia | liver function test abnormal | respiratory disorder | abdominal distension | escherichia test positive | cardiac arrest | hypo,Standard Dose (100%)
10985739,12,1,CT,*1/*3,no,no,no,no,no,yes,low,anaphylactic reaction,Reduce Dose by 25%
10985793,3,1,CC,*1/*3,no,no,no,no,no,no,low,anaphylactic reaction,Standard Dose (100%)
10985838,7,1,CC,*3/*3,no,no,no,no,no,no,low,anaphylactic reaction,Standard Dose (100%)
10986024,13,2,CC,*1/*3,no,no,no,yes,no,no,low,anaemia | hypersensitivity,Standard Dose (100%)
10986035,14,1,CC,*3/*3,no,no,no,no,no,no,low,anaphylactic reaction,Standard Dose (100%)
10986172,2,2,CT,*1/*3,no,no,no,no,no,no,low,hypersensitivity,Standard Dose (100%)
10986198,16,2,CT,*3/*3,no,no,no,no,no,no,low,hypersensitivity,Standard Dose (100%)
10991702,6,2,CC,*3/*3,no,no,no,no,no,no,low,leukopenia,Standard Dose (100%)
10991709,11,2,CC,*3/*3,no,no,no,no,no,no,low,leukopenia,Standard Dose (100%)
10991711,7,1,CT,*3/*3,no,no,no,no,no,no,low,leukopenia,Standard Dose (100%)
10991713,12,2,CC,*3/*3,no,no,no,no,no,no,low,leukopenia,Standard Dose (100%)
10991727,14,1,CT,*1/*1,no,no,no,no,no,no,low,leukopenia,Standard Dose (100%)
10993095,12,2,CC,*1/*3,no,no,no,no,no,no,low,leukopenia,Standard Dose (100%)
10993096,11,2,CC,*3/*3,no,no,no,no,no,no,low,leukopenia,Standard Dose (100%)
10993099,3,2,CC,*3/*3,no,no,no,no,no,no,low,leukopenia,Standard Dose (100%)
10993100,6,1,CC,*1/*3,no,no,no,no,no,no,low,leukopenia,Standard Dose (100%)
10993104,6,1,CT,*3/*3,no,no,no,no,no,no,low,leukopenia,Standard Dose (100%)
10993105,10,1,CT,*1/*1,no,no,no,no,no,yes,low,leukopenia,Reduce Dose by 25%
10993106,13,1,CC,*3/*3,no,no,no,no,no,no,low,leukopenia | tumour lysis syndrome,Standard Dose (100%)
10993107,7,2,CC,*3/*3,no,no,no,no,no,no,low,leukopenia,Standard Dose (100%)
10993109,13,1,CC,*1/*3,no,no,no,no,no,no,low,leukopenia,Standard Dose (100%)
10993110,8,2,CT,*3/*3,no,no,no,no,no,no,low,leukopenia,Standard Dose (100%)
10994230,4,2,CT,*1/*1,no,no,no,no,no,no,low,diarrhoea | febrile neutropenia | pneumatosis intestinalis | stomatitis,Standard Dose (100%)
10994232,3,2,CC,*1/*1,no,no,no,no,no,no,low,cholangitis | mucosal inflammation | feeding disorder | renal impairment | infection | cholecystitis | bone marrow failure,Standard Dose (100%)
10995113,3,1,CT,*1/*3,no,no,no,no,no,no,low,hepatocellular injury,Standard Dose (100%)
10997704,6,1,CC,*3/*3,no,no,no,no,no,no,low,inflammation | cytomegalovirus viraemia | neutropenia | epstein-barr viraemia | histiocytosis haematophagic | pyrexia | immune system disorder | rash,Standard Dose (100%)
10998450,3,2,CC,*1/*1,no,no,no,yes,no,no,high,infection | cholangitis | mucosal inflammation | disease recurrence | renal impairment | cholecystitis | pyrexia | feeding disorder | pain | congenita,Standard Dose (100%)
11004511,9,2,CT,*3/*3,no,no,no,no,no,no,low,septic shock | neutropenia | stomatitis,Standard Dose (100%)
11004903,1,2,CC,*1/*3,no,no,no,yes,no,no,low,anaemia | bone marrow failure | leukopenia | lymphopenia | neutropenia,Standard Dose (100%)
11018061,10,1,CC,*3/*3,no,no,no,no,no,no,low,product use issue | drug ineffective,Standard Dose (100%)
11018154,13,1,CC,*1/*1,no,no,no,no,no,no,high,pain | product use issue,Standard Dose (100%)
11018165,10,2,CC,*3/*3,no,no,no,no,no,no,low,sarcoma metastatic | product use issue | drug ineffective,Standard Dose (100%)
11018241,17,1,TT,*1/*1,no,no,no,no,no,no,low,decreased appetite | pyrexia | stomatitis,Standard Dose (100%)
11018365,14,1,CC,*1/*1,no,no,no,no,no,no,low,neuroblastoma | product use issue,Standard Dose (100%)
11019980,11,2,CC,*1/*3,no,no,no,no,no,yes,low,pancytopenia | mycobacterium avium complex infection | respiratory distress | lymphopenia,Reduce Dose by 25%
11021419,4,2,CT,*3/*3,no,no,no,no,no,no,low,acute kidney injury,Standard Dose (100%)
11025653,12,1,CT,*1/*1,no,no,no,no,no,no,low,leukopenia,Standard Dose (100%)
11025657,15,1,CC,*1/*3,no,no,no,no,no,yes,low,leukopenia,Reduce Dose by 25%
11025667,3,2,CC,*1/*3,no,no,no,no,no,no,low,leukopenia,Standard Dose (100%)
11025714,7,2,CC,*1/*3,no,no,no,no,no,no,low,leukopenia,Standard Dose (100%)
11025732,11,2,TT,*3/*3,no,no,no,no,no,no,low,leukopenia,Standard Dose (100%)
11025744,13,1,CT,*3/*3,no,no,no,no,no,no,low,leukopenia,Standard Dose (100%)
11025755,10,1,TT,*1/*1,no,no,no,no,no,no,low,leukopenia,Standard Dose (100%)
11025762,13,1,TT,*1/*3,no,no,no,no,no,no,low,leukopenia,Standard Dose (100%)
11025764,6,1,TT,*3/*3,no,no,no,no,no,no,low,leukopenia,Standard Dose (100%)
11025773,6,1,CT,*3/*3,no,no,no,no,no,no,low,leukopenia,Standard Dose (100%)
11025781,11,2,CC,*1/*1,no,no,no,no,no,no,low,leukopenia,Standard Dose (100%)
11025783,14,1,CT,*1/*3,no,no,no,no,no,no,low,leukopenia,Standard Dose (100%)
11026099,8,2,CT,*1/*3,no,no,no,no,no,no,low,leukopenia,Standard Dose (100%)
11026110,9,1,CC,*3/*3,no,no,no,no,no,no,low,leukopenia,Standard Dose (100%)
11026156,12,2,TT,*1/*3,no,no,no,no,no,no,low,leukopenia,Standard Dose (100%)
11026164,14,1,CC,*1/*3,no,no,no,no,no,no,low,leukopenia,Standard Dose (100%)
11026168,7,1,CT,*1/*3,no,no,no,no,no,no,low,leukopenia,Standard Dose (100%)
11026174,12,2,CT,*3/*3,no,no,no,no,no,no,low,leukopenia,Standard Dose (100%)
11036842,2,2,CC,*3/*3,no,no,no,no,no,no,high,neutropenic colitis | pallor | generalised tonic-clonic seizure | dysphagia | sepsis | dehydration | blood creatinine increased | pulseless electrical,Standard Dose (100%)
11037504,13,2,TT,*3/*3,no,no,no,no,no,yes,low,seizure | encephalopathy,Reduce Dose by 50%
11037526,7,2,CT,*3/*3,yes,no,no,no,no,no,high,dysarthria | somnolence | neutropenia | neurotoxicity | tetany | ataxia | drug interaction,Reduce Dose by 25%
11037791,5,2,CT,*3/*3,no,no,yes,no,no,no,low,headache | vomiting | decreased activity | somnolence | alanine aminotransferase increased,Standard Dose (100%)
11037869,1,2,CC,*3/*3,no,no,no,yes,no,no,low,occult blood positive | ileal ulcer | anaemia | pyrexia,Standard Dose (100%)
11037876,1,2,CC,*1/*1,no,no,no,yes,no,no,low,ileal ulcer | occult blood positive | pyrexia | anaemia,Standard Dose (100%)
11039108,3,1,TT,*1/*3,no,no,no,no,no,no,low,ileus paralytic,Standard Dose (100%)
11039110,8,2,CC,*1/*3,no,no,no,no,no,no,low,"partial seizures | inappropriate antidiuretic hormone secretion | hyponatraemia | hypochloraemia | hallucination | hallucination, visual | mental diso",Standard Dose (100%)
11043139,6,1,CC,*1/*3,no,no,no,no,no,yes,low,ileus paralytic | agranulocytosis | drug interaction,Reduce Dose by 25%
11046769,18,1,CC,*1/*3,no,no,no,no,no,no,low,thrombocytopenia | neutropenia,Standard Dose (100%)
11046789,18,1,CC,*1/*3,no,no,no,no,no,no,low,neutropenia | thrombocytopenia,Standard Dose (100%)
11052001,1,2,CC,*1/*3,no,no,no,no,no,yes,low,vocal cord paralysis | encephalopathy,Reduce Dose by 25%
11052493,15,2,CT,*3/*3,no,no,no,no,no,no,low,bone marrow failure,Standard Dose (100%)
11055299,9,1,CC,*3/*3,no,no,no,no,no,no,low,cardio-respiratory arrest | anaphylactic reaction | haemoglobin decreased | unresponsive to stimuli,Standard Dose (100%)
11066401,17,1,CT,*1/*3,no,no,no,no,no,no,low,retinal detachment | cytomegalovirus chorioretinitis,Standard Dose (100%)
11067548,5,2,CT,*1/*3,no,no,no,no,no,no,low,candida infection | multi-organ failure | hepatic function abnormal | febrile neutropenia | pneumonia | blood lactic acid increased | renal failure | ,Standard Dose (100%)
11067549,13,1,CT,*1/*3,no,no,no,no,no,no,low,febrile neutropenia | septic shock,Standard Dose (100%)
11067759,13,1,CC,*3/*3,no,no,no,no,no,no,low,tachycardia | hypotension | bradycardia | pallor | cyanosis,Standard Dose (100%)
11069799,16,2,CC,*3/*3,no,no,no,no,no,no,low,postmenopause,Standard Dose (100%)
11072758,3,2,CT,*1/*3,no,no,no,no,no,no,low,glycosuria | blood glucose increased | blood creatinine increased | incorrect dose administered,Standard Dose (100%)
11073716,1,1,TT,*3/*3,no,no,no,no,no,no,low,diarrhoea | febrile neutropenia,Standard Dose (100%)
11076243,7,2,CC,*1/*3,no,no,no,no,no,no,low,pharyngeal inflammation | stomatitis | colitis,Standard Dose (100%)
11077281,3,1,CC,*1/*3,no,no,no,no,no,yes,high,cardiac failure | bone marrow failure | acute kidney injury | enteritis infectious | abdominal pain | acute respiratory distress syndrome | septic sho,Reduce Dose by 25%
11078539,18,1,CC,*1/*3,no,no,no,no,no,no,low,neutropenia | thrombocytopenia,Standard Dose (100%)
11080746,5,1,CT,*3/*3,no,no,no,no,no,no,low,febrile neutropenia | splenic embolism | cardiac ventricular thrombosis | cerebral infarction | retinal artery embolism | tachycardia | pneumonia | pu,Standard Dose (100%)
11083879,10,1,CT,*3/*3,no,no,no,no,no,no,low,febrile neutropenia,Standard Dose (100%)
11092654,16,2,CC,*1/*3,no,no,no,no,no,yes,low,generalised tonic-clonic seizure | venous thrombosis | peroneal nerve palsy | febrile neutropenia | unresponsive to stimuli | superior sagittal sinus ,Reduce Dose by 25%
11096384,7,2,TT,*3/*3,no,no,no,no,no,no,low,mucosal inflammation | bacteraemia | febrile neutropenia | bone marrow failure | renal failure | clostridium difficile colitis | cellulitis,Standard Dose (100%)
11096394,9,,CC,*3/*3,no,no,no,no,no,no,low,sepsis | product use issue,Standard Dose (100%)
11096434,3,1,CC,*1/*3,no,no,no,no,no,no,high,neutropenia | fatigue | pyrexia,Standard Dose (100%)
11096551,3,,TT,*3/*3,no,no,no,no,no,no,low,aplasia | product use issue,Standard Dose (100%)
11099186,4,2,CC,*1/*3,no,no,no,no,no,no,low,encephalomyelitis,Standard Dose (100%)
11101041,10,2,CC,*1/*3,no,no,yes,no,no,yes,low,hyponatraemia | bone marrow failure | hepatotoxicity | portal hypertension,Reduce Dose by 25%
11101484,17,1,CC,*3/*3,no,no,no,yes,no,no,low,haemolytic anaemia | jaundice,Standard Dose (100%)
11103429,14,2,CT,*3/*3,no,no,no,no,no,no,low,pyomyositis | quadriparesis,Standard Dose (100%)
11107277,6,2,CC,*3/*3,no,no,no,no,no,no,low,posterior reversible encephalopathy syndrome | anuria | hypertension | blood creatinine increased | renal failure,Standard Dose (100%)
11108259,18,1,CT,*1/*3,no,no,no,no,no,no,low,haematemesis | oesophagitis | haemorrhage | haematochezia | gastritis | gastrointestinal wall thickening | gastric ulcer | abdominal distension,Standard Dose (100%)
11110017,11,1,CC,*3/*3,no,no,no,no,no,no,low,vith nerve disorder,Standard Dose (100%)
11112027,15,1,CT,*3/*3,yes,no,no,no,no,no,high,neuropathy peripheral | hypertriglyceridaemia | myopathy,Reduce Dose by 25%
11115207,7,2,CC,*3/*3,no,no,no,no,no,no,low,bone marrow failure | renal failure | bacteraemia | clostridium difficile colitis | mucosal inflammation | febrile neutropenia | cellulitis,Standard Dose (100%)
11115433,12,2,TT,*3/*3,no,no,no,no,no,no,low,thrombocytopenia,Standard Dose (100%)
11118552,5,2,CC,*3/*3,no,no,no,no,no,no,low,pulmonary arterial hypertension,Standard Dose (100%)
11118634,5,2,CC,*3/*3,no,no,no,no,no,yes,low,off label use | pulmonary arterial hypertension,Reduce Dose by 25%
11118721,14,2,CC,*1/*3,no,no,no,no,no,yes,low,pyomyositis,Reduce Dose by 25%
11118750,6,2,CC,*3/*3,no,no,no,no,no,no,low,hypoxia | pneumocystis jirovecii pneumonia,Standard Dose (100%)
11118758,18,1,CC,*1/*1,no,no,no,no,no,no,low,febrile neutropenia | escherichia infection | drug ineffective,Standard Dose (100%)
11118845,2,1,CC,*3/*3,no,no,yes,no,no,no,low,prothrombin time prolonged | off label use | venoocclusive liver disease | pancytopenia | coagulopathy | gastrointestinal haemorrhage | convulsions lo,Standard Dose (100%)
11118863,11,1,CC,*3/*3,no,no,no,no,no,yes,low,neoplasm,Reduce Dose by 25%
11119120,18,1,CC,*1/*1,yes,no,no,no,no,no,high,neurotoxicity | hydrocephalus | infection,Reduce Dose by 25%
11121071,9,1,CC,*3/*3,no,no,no,no,no,no,high,pancreatitis | vomiting | abdominal pain | hypotension | hypothermia | no therapeutic response | anuria | feeling hot | hepatic steatosis | electrolyt,Standard Dose (100%)
11122493,4,1,CT,*1/*3,no,no,no,no,no,no,low,gastroenteritis,Standard Dose (100%)
11129737,14,2,CC,*1/*3,no,no,no,no,no,no,low,atelectasis | sepsis | febrile neutropenia | vomiting | respiratory failure | lethargy,Standard Dose (100%)
11133732,8,2,CC,*3/*3,no,no,no,no,no,no,low,"hallucination, visual | hypochloraemia | inappropriate antidiuretic hormone secretion | hyponatraemia | polyuria | hallucination | anxiety | convulsio",Standard Dose (100%)
11135558,16,1,CC,*3/*3,no,no,no,no,no,no,high,thrombocytopenia | neutropenia | fatigue | myelodysplastic syndrome,Standard Dose (100%)
11138969,11,1,CT,*1/*1,no,no,no,no,no,no,high,paraesthesia | pain in extremity | feeling hot,Standard Dose (100%)
11143722,5,2,CC,*1/*1,no,no,no,no,no,no,low,inflammatory myofibroblastic tumour,Standard Dose (100%)
11143900,4,2,CC,*3/*3,no,no,no,no,no,no,low,inflammatory myofibroblastic tumour,Standard Dose (100%)
11145254,7,1,CC,*3/*3,no,no,no,no,no,no,low,wound | zygomycosis,Standard Dose (100%)
11147977,15,1,CT,*1/*3,no,no,no,no,no,no,low,respiratory failure | myelopathy,Standard Dose (100%)
11149424,12,1,CC,*1/*3,no,no,no,no,no,no,low,wernicke^s encephalopathy | off label use | mucosal inflammation,Standard Dose (100%)
11152384,11,1,CC,*1/*3,no,no,no,no,no,no,low,hepatic neoplasm | osteosarcoma,Standard Dose (100%)
11156176,14,1,CC,*1/*1,no,no,no,no,no,no,low,febrile bone marrow aplasia,Standard Dose (100%)
11158120,17,1,CC,*1/*3,no,no,no,no,no,no,low,renal cell carcinoma,Standard Dose (100%)
11159043,12,1,CC,*3/*3,no,no,no,no,no,no,low,mucosal inflammation | wernicke^s encephalopathy | haematotoxicity,Standard Dose (100%)
11162281,9,1,CT,*3/*3,no,no,no,no,no,no,high,chest pain | urticaria | tachycardia | dyspnoea,Standard Dose (100%)
11162486,5,1,CC,*3/*3,no,no,no,no,no,yes,low,sepsis,Reduce Dose by 25%
11167005,11,1,CT,*1/*3,no,no,no,no,no,no,low,hepatic mass | osteosarcoma,Standard Dose (100%)
11170222,3,1,CT,*1/*1,no,no,no,no,no,no,low,neurogenic bladder,Standard Dose (100%)
11170306,12,1,CC,*3/*3,no,no,no,no,no,no,low,haematotoxicity | off label use | mucosal inflammation | wernicke^s encephalopathy,Standard Dose (100%)
11173747,8,2,TT,*3/*3,no,no,no,no,no,no,low,superior mesenteric artery syndrome | vomiting | nausea,Standard Dose (100%)
11174748,10,2,CC,*3/*3,no,no,no,no,no,no,low,pyomyositis,Standard Dose (100%)
11174816,9,1,CT,*3/*3,no,no,no,no,no,no,low,pyomyositis,Standard Dose (100%)
11174870,10,1,CT,*1/*3,no,no,no,no,no,no,low,pyomyositis,Standard Dose (100%)
11175208,7,2,CC,*3/*3,no,no,no,no,no,no,low,colitis | colitis,Standard Dose (100%)
11175455,14,1,CC,*3/*3,no,no,no,no,no,no,low,febrile bone marrow aplasia | gastrointestinal mucosal disorder,Standard Dose (100%)
11175480,16,1,CC,*1/*1,no,no,no,no,no,no,low,osteonecrosis | metastases to bone,Standard Dose (100%)
11176577,4,2,CT,*1/*3,yes,no,no,no,no,no,high,diplopia | eyelid ptosis | iiird nerve paralysis | neuropathy peripheral,Reduce Dose by 25%
11177028,4,2,CC,*3/*3,no,no,no,no,no,yes,high,pain in jaw | feeding disorder,Reduce Dose by 25%
11180239,17,2,CC,*3/*3,no,no,no,no,no,no,high,abdominal pain | pruritus | lip swelling | blister,Standard Dose (100%)
11181360,3,2,CT,*1/*3,no,no,no,no,no,no,low,sepsis | lipase increased | hyperbilirubinaemia,Standard Dose (100%)
11183957,15,1,TT,*1/*3,no,yes,no,no,no,no,high,hypoaesthesia | dysphagia | respiratory failure | dysuria | ataxia | loss of proprioception | cranial nerve disorder | peripheral sensorimotor neuropa,Reduce Dose by 50%
11183988,9,2,CC,*1/*3,no,no,no,no,no,no,high,respiratory failure | blood pressure increased | confusional state | abdominal pain | tachycardia | loss of consciousness | disseminated intravascular,Standard Dose (100%)
11184338,16,1,CC,*1/*3,no,no,no,no,no,no,low,vomiting | anaphylactic reaction | neutropenia,Standard Dose (100%)
11184344,11,2,CT,*1/*3,no,no,no,no,no,no,high,febrile neutropenia | hypokalaemia | decreased appetite | renal impairment | stenotrophomonas test positive | abdominal pain | diarrhoea,Standard Dose (100%)
11184345,12,1,CT,*1/*1,no,no,no,no,no,no,low,haematotoxicity | mucosal inflammation | wernicke^s encephalopathy | vitamin b1 decreased | decreased appetite,Standard Dose (100%)
11191875,13,1,CC,*1/*3,no,no,no,no,no,no,low,deafness | ototoxicity | tinnitus,Standard Dose (100%)
11195698,18,1,CT,*3/*3,no,no,no,no,no,no,low,pancytopenia | toxicity to various agents | gastritis bacterial,Standard Dose (100%)
11196033,5,1,TT,*3/*3,yes,no,no,no,no,no,high,neuropathy peripheral,Reduce Dose by 50%
11201356,5,1,CC,*1/*3,no,no,no,no,no,no,low,amylase increased | transaminases increased | lipase increased,Standard Dose (100%)
11201440,14,1,TT,*1/*3,no,no,no,no,no,no,low,hyperamylasaemia | jaundice,Standard Dose (100%)
11201588,18,1,CT,*1/*3,no,no,no,no,no,no,low,oesophagitis | international normalised ratio increased | hepatic steatosis | haematochezia | pancytopenia | gallbladder disorder | ascites | gastric ,Standard Dose (100%)
11214560,18,1,CT,*1/*1,no,no,no,no,no,no,low,gastritis bacterial,Standard Dose (100%)
11214721,18,1,CT,*1/*1,no,no,no,no,no,no,low,oesophagitis | mental status changes | pancytopenia | pleural effusion | gastric ulcer | ascites | gastritis | pyrexia | haematochezia | haematemesis,Standard Dose (100%)
11216226,2,1,CT,*1/*3,no,no,no,no,no,no,low,mucosal inflammation,Standard Dose (100%)
11219054,4,2,CC,*3/*3,no,no,no,no,no,no,low,constipation | pneumatosis | abdominal distension,Standard Dose (100%)
11219140,1,2,CC,*3/*3,no,no,yes,no,no,no,low,alanine aminotransferase increased,Standard Dose (100%)
11220416,5,1,CC,*3/*3,no,no,no,no,no,no,low,pneumonia viral | pleural effusion | febrile neutropenia,Standard Dose (100%)
11221631,12,2,TT,*1/*3,no,yes,no,no,no,no,high,disinhibition | partial seizures with secondary generalisation | brain oedema | muscular weakness | leukoencephalopathy | neurological symptom | somno,Reduce Dose by 50%
11222514,18,1,CC,*3/*3,no,no,no,no,no,no,low,gastritis | hypotension | ascites | pleural effusion | gallbladder disorder | hepatic steatosis,Standard Dose (100%)
11222678,18,1,CC,*1/*3,no,no,no,no,no,yes,low,ascites | gastritis | gallbladder disorder | pleural effusion | hepatic steatosis | hypotension,Reduce Dose by 25%
11224124,8,2,CT,*3/*3,no,no,no,no,no,no,low,lymphoproliferative disorder | epstein-barr virus infection | respiratory distress | pancytopenia | multi-organ failure,Standard Dose (100%)
11224554,14,1,CT,*3/*3,no,no,no,no,no,no,low,hypertension,Standard Dose (100%)
11224564,2,1,TT,*3/*3,no,yes,yes,no,no,no,high,gamma-glutamyltransferase increased | muscular weakness | alanine aminotransferase increased | tumour lysis syndrome | colitis | pneumothorax | weight,Reduce Dose by 50%
11225482,18,1,CT,*3/*3,no,no,no,no,no,no,low,gastritis,Standard Dose (100%)
11227146,12,2,CC,*3/*3,no,no,no,no,no,no,low,vitamin b12 decreased | leukoencephalopathy | brain oedema,Standard Dose (100%)
11227724,3,1,CT,*1/*3,no,no,no,no,no,no,high,respiratory distress | hypotension | cough | fatigue | abnormal faeces | pulmonary haemorrhage | lung infiltration | pyrexia | neutropenia | abdominal,Standard Dose (100%)
11228774,12,2,CT,*1/*1,no,yes,no,no,no,no,high,neurological symptom | muscular weakness | partial seizures with secondary generalisation | brain oedema | vitamin b12 decreased | leukoencephalopathy,Reduce Dose by 25%
11229547,12,2,TT,*1/*1,no,yes,no,no,no,no,high,brain oedema | leukoencephalopathy | somnolence | vitamin b12 decreased | muscular weakness | agitation | neurological symptom | partial seizures with,Reduce Dose by 50%
11231247,4,2,CC,*1/*3,no,no,no,no,no,no,low,encephalopathy | hyponatraemia,Standard Dose (100%)
11231808,12,1,TT,*1/*1,no,no,no,no,no,no,low,septic shock | acute kidney injury | haemorrhagic necrotic pancreatitis | multi-organ failure | cytopenia | hypovolaemic shock | liver disorder | diss,Standard Dose (100%)
11237939,12,2,CT,*1/*3,no,yes,no,no,no,no,high,somnolence | vitamin b12 decreased | partial seizures with secondary generalisation | agitation | brain oedema | muscular weakness | leukoencephalopat,Reduce Dose by 25%
11242778,14,2,CT,*1/*1,no,yes,no,no,no,no,high,headache | hypoaesthesia | muscular weakness | cerebral haemorrhage | dysarthria,Reduce Dose by 25%
11243337,3,2,CT,*1/*1,no,no,no,no,no,no,high,sepsis | cardiac arrest | colitis | pyrexia | tachycardia | lactic acidosis | troponin increased | abdominal pain | ascites,Standard Dose (100%)
11243762,11,2,CT,*1/*3,no,no,no,no,no,no,low,hypokalaemia | mucosal inflammation | fluid overload | drug clearance decreased,Standard Dose (100%)
11243838,3,1,CC,*3/*3,no,no,no,no,no,no,low,acute kidney injury,Standard Dose (100%)
11248018,16,2,TT,*1/*1,yes,no,no,no,no,no,high,autonomic neuropathy | neuropathy peripheral | abdominal pain | constipation | pain in extremity,Reduce Dose by 50%
11248020,7,2,CT,*1/*3,no,no,no,no,no,no,low,eyelid ptosis,Standard Dose (100%)
11248021,3,2,TT,*3/*3,no,no,no,no,no,no,low,motor dysfunction | dysphonia | alopecia | blood sodium decreased | seizure | eyelid ptosis | lethargy,Standard Dose (100%)
11249122,14,1,CC,*3/*3,no,no,no,no,no,no,low,diaphragmatic hernia | diarrhoea,Standard Dose (100%)
11255749,1,2,CC,*3/*3,no,no,no,no,no,no,low,febrile neutropenia,Standard Dose (100%)
11258363,18,1,CC,*3/*3,no,no,no,no,no,no,low,staphylococcal infection | pyrexia | ocular hyperaemia | escherichia infection | device related infection | candiduria | eye infection fungal,Standard Dose (100%)
11260057,14,1,CT,*1/*1,no,no,no,no,no,no,low,diaphragmatic hernia,Standard Dose (100%)
11262067,14,1,TT,*1/*3,no,no,no,no,no,no,low,diaphragmatic hernia,Standard Dose (100%)
11262547,4,1,CC,*3/*3,no,no,no,no,no,no,low,parotitis,Standard Dose (100%)
11262819,17,2,CT,*1/*3,yes,yes,no,no,no,no,high,gait disturbance | hyporeflexia | paraesthesia | muscular weakness | neuropathy peripheral | posture abnormal | pain in extremity,Reduce Dose by 25%
11262913,18,1,CT,*1/*3,no,no,no,no,no,no,low,condition aggravated | peripheral motor neuropathy | peripheral sensory neuropathy,Standard Dose (100%)
11264576,18,1,CC,*3/*3,no,no,yes,no,no,no,low,blood bilirubin increased | aspartate aminotransferase increased | tumour lysis syndrome | alanine aminotransferase increased,Standard Dose (100%)
11266211,4,2,CC,*1/*3,no,no,no,no,no,no,low,peliosis hepatis,Standard Dose (100%)
11266434,4,,CC,*1/*3,no,no,no,no,no,no,low,drug ineffective | sepsis | hypertensive heart disease | venoocclusive disease | pancytopenia,Standard Dose (100%)
11266436,1,,CC,*3/*3,no,no,no,no,no,no,low,rhabdomyosarcoma | aplasia | radiation skin injury | mucosal inflammation | acute myeloid leukaemia,Standard Dose (100%)
11269597,3,1,CC,*1/*3,no,no,no,no,no,no,low,acute kidney injury | cellulitis,Standard Dose (100%)
11271019,13,1,CC,*3/*3,no,no,no,no,no,no,low,mucosal infection | blood bilirubin increased | activated partial thromboplastin time prolonged | gamma-glutamyltransferase increased | hepatic failur,Standard Dose (100%)
11272159,3,1,CC,*3/*3,no,no,no,no,no,yes,low,acute kidney injury,Reduce Dose by 25%
11273052,3,2,CC,*3/*3,no,no,no,no,no,no,high,lactic acidosis | abdominal pain | sepsis | ascites | colitis | tachycardia | abdominal distension | pyrexia | cardiac arrest,Standard Dose (100%)
11275699,11,1,TT,*3/*3,no,no,no,no,no,no,low,coagulation factor decreased | epistaxis,Standard Dose (100%)
11276206,18,2,CC,*1/*3,no,no,no,no,no,no,low,febrile bone marrow aplasia | product use issue | inappropriate antidiuretic hormone secretion,Standard Dose (100%)
11276638,14,1,CT,*3/*3,no,no,no,no,no,no,low,diaphragmatic hernia,Standard Dose (100%)
11276738,5,1,CT,*3/*3,no,no,no,no,no,no,high,jugular vein thrombosis | neck pain,Standard Dose (100%)
11277766,15,1,CT,*1/*1,no,no,yes,no,no,no,low,blood cholesterol increased | blood bilirubin increased | disseminated intravascular coagulation | amylase increased | peripheral sensory neuropathy |,Standard Dose (100%)
11280213,5,2,CT,*1/*3,no,no,no,no,no,no,low,langerhans^ cell histiocytosis | product use issue,Standard Dose (100%)
11283577,11,1,CT,*3/*3,no,no,no,no,no,no,low,coagulation factor decreased | disseminated intravascular coagulation | epistaxis,Standard Dose (100%)
11286501,8,2,CT,*1/*1,no,no,no,no,no,no,low,hyperammonaemia,Standard Dose (100%)
11288223,18,1,CC,*1/*3,no,no,no,no,no,no,low,lung infection,Standard Dose (100%)
11294508,5,2,CT,*1/*3,no,no,no,no,no,no,low,nuclear magnetic resonance imaging brain abnormal | cellulitis | brain injury | pulseless electrical activity | left ventricular dysfunction | seizure,Standard Dose (100%)
11294516,15,1,CT,*3/*3,no,no,no,no,no,no,low,fluid overload | renal failure,Standard Dose (100%)
11300758,17,1,TT,*3/*3,no,no,no,no,no,no,low,aphasia | leukoencephalopathy | viith nerve paralysis | product quality issue | drooling,Standard Dose (100%)
11301058,2,2,CT,*3/*3,no,no,no,no,no,no,low,mental status changes | leukoencephalopathy | product quality issue | dyskinesia,Standard Dose (100%)
11302920,5,2,CC,*1/*3,no,no,no,no,no,no,low,cerebral ischaemia | brain hypoxia | ileus | constipation | chills | left ventricular dysfunction | respiration abnormal | pulse absent | tremor | hyp,Standard Dose (100%)
11303200,16,,CT,*3/*3,no,no,no,no,no,no,low,mucosal inflammation | aplasia,Standard Dose (100%)
11303229,3,,CC,*1/*3,no,no,no,no,no,no,low,aplasia,Standard Dose (100%)
11303667,4,,CC,*1/*3,no,no,no,no,no,no,low,venoocclusive disease | cardiac failure | sepsis | drug ineffective | pancytopenia,Standard Dose (100%)
11303789,9,,CC,*3/*3,no,no,no,no,no,no,low,sepsis,Standard Dose (100%)
11307063,3,1,CC,*3/*3,no,no,no,no,no,no,low,acute kidney injury,Standard Dose (100%)
11308782,8,,CT,*3/*3,no,no,no,no,no,no,low,sepsis,Standard Dose (100%)
11309583,10,2,CT,*1/*1,no,no,no,no,no,no,low,muscle contractions involuntary | agitation | somnolence | encephalopathy | altered state of consciousness,Standard Dose (100%)
11309822,4,,CC,*3/*3,no,no,no,no,no,no,low,venoocclusive disease | sepsis | pancytopenia | cardiac failure,Standard Dose (100%)
11311406,8,2,CC,*1/*3,no,no,no,no,no,no,low,superior mesenteric artery syndrome | vomiting | nausea,Standard Dose (100%)
11315819,3,,CT,*3/*3,no,no,no,no,no,no,low,off label use | aplasia,Standard Dose (100%)
11316272,8,1,CC,*1/*3,no,no,no,no,no,no,low,neutropenia | coagulopathy | pyrexia | acute hepatic failure,Standard Dose (100%)
11316304,12,1,CT,*1/*3,no,no,no,no,no,no,low,cholelithiasis | pancreatitis,Standard Dose (100%)
11318142,2,1,CC,*1/*1,no,no,no,no,no,no,low,iris adhesions | retinal detachment | pancytopenia,Standard Dose (100%)
11318173,16,1,CT,*1/*3,no,no,no,no,no,no,low,wound dehiscence,Standard Dose (100%)
11319355,16,2,TT,*1/*1,no,no,no,no,no,no,low,mucosal inflammation | radiation skin injury | aplasia,Standard Dose (100%)
11321048,12,1,CC,*3/*3,no,no,no,no,no,no,low,confusional state | visual impairment | vomiting | paraesthesia | body temperature increased | headache | hypoaesthesia,Standard Dose (100%)
11321105,18,1,CT,*1/*3,no,no,yes,no,no,no,low,alkalosis | infection | tumour lysis syndrome | blood bilirubin increased | alanine aminotransferase increased | white blood cell count increased | as,Standard Dose (100%)
11322159,7,2,CC,*3/*3,no,no,no,no,no,no,low,nausea | pyrexia | pneumonia,Standard Dose (100%)
11322380,18,1,CT,*3/*3,no,no,no,no,no,no,low,systemic candida | histiocytosis haematophagic | quality of life decreased | herpes simplex,Standard Dose (100%)
11322625,18,1,CC,*1/*3,no,no,no,no,no,no,low,laboratory test abnormal,Standard Dose (100%)
11327857,11,1,CC,*1/*3,no,no,no,no,no,no,low,posterior reversible encephalopathy syndrome | seizure | hypertension,Standard Dose (100%)
11327860,6,1,CC,*1/*3,no,no,no,no,no,no,low,hypertension | tumour lysis syndrome | blindness transient | posterior reversible encephalopathy syndrome,Standard Dose (100%)
11330377,2,1,CC,*1/*3,no,no,no,no,no,no,low,leukoencephalopathy | confusional state | tremor | confusional state | hemiparesis | complex partial seizures | status epilepticus,Standard Dose (100%)
11330441,4,1,CC,*1/*3,no,no,no,no,no,no,low,tremor | confusional state | altered state of consciousness | leukoencephalopathy | neurological examination abnormal | epilepsy,Standard Dose (100%)
11330472,12,1,CC,*1/*3,no,no,no,no,no,no,low,confusional state | headache | tremor | leukoencephalopathy,Standard Dose (100%)
11331004,13,1,CC,*3/*3,no,no,no,no,no,no,low,tumour lysis syndrome | seizure | posterior reversible encephalopathy syndrome | hypertension,Standard Dose (100%)
11331313,3,2,CT,*3/*3,no,no,no,no,no,no,low,head discomfort | abasia | eyelid ptosis | hyporeflexia,Standard Dose (100%)
11331319,17,1,CT,*3/*3,no,no,no,no,no,no,high,headache | vision blurred | ophthalmoplegia | mydriasis | pupillary reflex impaired | eyelid ptosis | non-hodgkin^s lymphoma | pain,Standard Dose (100%)
11335659,2,,TT,*3/*3,no,yes,no,no,no,no,high,peripheral coldness | muscular weakness,Reduce Dose by 50%
11336512,15,1,CT,*1/*3,yes,no,no,no,no,no,high,neuropathy peripheral,Reduce Dose by 25%
11336540,2,2,CC,*3/*3,no,no,no,no,no,no,low,personality disorder,Standard Dose (100%)
11337119,3,1,CT,*3/*3,no,no,no,no,no,no,low,pallor | tachycardia | staphylococcal sepsis | aplasia,Standard Dose (100%)
11350384,2,2,CT,*1/*3,no,no,no,no,no,no,low,peripheral coldness | livedo reticularis | pyrexia | erythema | vomiting | chills | anaphylactoid reaction,Standard Dose (100%)
11356491,2,2,CC,*1/*3,no,no,no,no,no,no,low,chills | erythema | vomiting | pyrexia | livedo reticularis | peripheral coldness,Standard Dose (100%)
11358827,17,2,TT,*1/*3,no,yes,no,no,no,no,high,haematoma | thrombocytopenia | gait disturbance | abnormal behaviour | venous thrombosis | brain midline shift | prothrombin time prolonged | unrespon,Reduce Dose by 50%
11362638,9,1,TT,*3/*3,no,no,no,no,no,no,low,herpes simplex | mucosal inflammation | respiratory disorder | off label use | progressive multifocal leukoencephalopathy | respiratory failure | seps,Standard Dose (100%)
11363156,9,2,CT,*1/*3,no,no,no,no,no,yes,high,tachypnoea | metabolic acidosis | lethargy | septic shock | colitis | abdominal distension | computerised tomogram abnormal | abdominal pain | tachyca,Reduce Dose by 25%
11363270,4,2,CT,*1/*1,no,no,no,no,no,yes,low,neutropenia | dyspnoea | tachypnoea | obliterative bronchiolitis | wheezing | respiratory distress | adenovirus test positive | upper respiratory trac,Reduce Dose by 25%
11365406,2,2,CC,*1/*1,no,no,no,no,no,no,low,chills | livedo reticularis | erythema | vomiting | pyrexia | off label use | peripheral coldness,Standard Dose (100%)
11368150,16,2,CT,*1/*3,no,no,no,no,no,no,low,depression | suicidal ideation | mental status changes | headache,Standard Dose (100%)
11374336,7,2,CC,*3/*3,no,no,no,no,no,yes,low,procedural site reaction | bacterial infection,Reduce Dose by 25%
11375318,2,1,CC,*1/*1,no,no,no,no,no,no,low,pulmonary veno-occlusive disease,Standard Dose (100%)
11383062,3,2,CC,*1/*3,no,no,no,no,no,yes,low,eyelid ptosis,Reduce Dose by 25%
11385976,15,2,CT,*3/*3,no,no,no,yes,no,no,low,anaemia | sepsis | febrile neutropenia,Standard Dose (100%)
11386004,16,1,CC,*3/*3,no,no,no,no,no,no,low,urticaria | vomiting | nausea,Standard Dose (100%)
11387208,3,2,CC,*1/*3,no,no,no,no,no,no,low,encephalopathy,Standard Dose (100%)
11387319,3,2,CT,*1/*1,no,yes,no,no,no,no,high,paraesthesia | gait disturbance,Reduce Dose by 25%
11387532,15,2,CC,*3/*3,no,no,no,yes,no,no,low,sepsis | anaemia | febrile neutropenia,Standard Dose (100%)
11388050,16,2,CC,*1/*1,no,no,no,yes,no,no,low,sepsis | febrile neutropenia | anaemia,Standard Dose (100%)
11393993,15,2,CT,*1/*1,no,no,no,yes,no,no,low,febrile neutropenia | anaemia | sepsis | off label use,Standard Dose (100%)
11398698,5,2,CC,*1/*3,no,no,no,no,no,no,low,clostridium difficile infection | fusobacterium infection | neutropenia,Standard Dose (100%)
11410252,11,2,CC,*1/*3,no,no,no,no,no,no,low,atelectasis | respiratory distress | bronchospasm | pneumocystis test positive | neutropenia,Standard Dose (100%)
11410650,15,1,CC,*3/*3,no,no,no,no,no,no,low,drug clearance decreased | renal failure | fluid overload,Standard Dose (100%)
11414507,12,1,CC,*1/*3,no,no,no,no,no,no,low,computerised tomogram abnormal | splenic haematoma | pyrexia | hypotension | oesophagitis | infection | septic shock | pulse pressure abnormal | tachy,Standard Dose (100%)
11421022,3,2,CC,*1/*3,no,no,no,no,no,no,low,product use issue | pneumonia | hypocalcaemia | hypophosphataemia | bone giant cell tumour benign | influenza | malignant neoplasm progression | hyper,Standard Dose (100%)
11421951,7,,CC,*1/*3,no,no,no,no,no,no,low,gross motor delay | hyperaesthesia,Standard Dose (100%)
11422299,8,2,TT,*1/*3,no,no,no,no,no,no,low,syncope | faecal volume increased | large intestine perforation | pyrexia | constipation | pseudomonas test positive | colitis | neutropenia | hypergl,Standard Dose (100%)
11422313,10,1,CC,*1/*3,no,no,no,no,no,no,low,renal failure | pneumonia | tumour lysis syndrome | dialysis | mouth haemorrhage | atelectasis | epistaxis,Standard Dose (100%)
11422618,16,1,CC,*3/*3,no,no,no,no,no,no,low,acute myeloid leukaemia,Standard Dose (100%)
11424304,8,2,CT,*1/*1,no,no,no,no,no,no,low,malpositioned teeth | tooth malformation,Standard Dose (100%)
11424879,11,1,CT,*3/*3,no,no,no,yes,no,no,low,pallor | tachypnoea | pyrexia | anaemia | venoocclusive liver disease,Standard Dose (100%)
11427180,9,,TT,*1/*3,no,no,no,no,no,yes,low,vith nerve paralysis | motor developmental delay,Reduce Dose by 50%
11427200,12,,CT,*3/*3,yes,no,no,no,no,no,high,pain | neuropathy peripheral,Reduce Dose by 25%
11427620,12,,CT,*1/*3,no,no,no,no,no,no,low,gross motor delay | condition aggravated | vith nerve paralysis | stridor,Standard Dose (100%)
11427925,13,,CC,*3/*3,yes,yes,no,no,no,no,high,pain | stridor | neuropathy peripheral | gait disturbance,Reduce Dose by 25%
11430761,8,1,CC,*1/*3,no,no,no,no,no,no,low,hypertension | diarrhoea,Standard Dose (100%)
11431633,3,2,CT,*3/*3,no,no,no,no,no,no,low,bone marrow toxicity | febrile neutropenia | dry skin | rash | disease progression,Standard Dose (100%)
11433451,3,,CC,*1/*1,no,no,no,no,no,no,low,aplasia,Standard Dose (100%)
11433470,11,1,TT,*3/*3,no,no,yes,no,no,no,low,alanine aminotransferase increased,Reduce Dose by 25%
11438204,15,1,CT,*3/*3,no,no,no,no,no,no,low,hepatitis | cholestasis | pancreatitis acute,Standard Dose (100%)
11438221,15,1,CC,*1/*3,yes,no,no,no,no,no,high,neuropathy peripheral,Reduce Dose by 25%
11440965,15,1,CT,*1/*3,no,no,no,yes,no,no,low,superior sagittal sinus thrombosis | cerebral haemorrhage | seizure | thrombocytopenia | cerebrovascular accident | hemiparesis | anaemia,Standard Dose (100%)
11441822,8,2,CT,*3/*3,no,no,no,no,no,no,low,tooth hypoplasia,Standard Dose (100%)
11443692,15,1,CT,*3/*3,yes,no,no,no,no,no,high,hepatic cytolysis | acute lymphocytic leukaemia recurrent | pancreatitis acute | febrile bone marrow aplasia | liver injury | neuropathy peripheral | ,Reduce Dose by 25%
11456420,8,2,CT,*3/*3,no,no,no,no,no,no,low,tooth hypoplasia,Standard Dose (100%)
11458711,12,2,TT,*1/*3,no,no,no,no,no,no,low,hordeolum | ocular hyperaemia | eye irritation | eyelid oedema,Standard Dose (100%)
11460234,9,2,CC,*3/*3,no,no,no,no,no,no,low,bilirubin conjugated increased | drug-induced liver injury | liver disorder | oedema | blood bilirubin increased | hepatic enzyme increased | hepatome,Standard Dose (100%)
11467952,14,2,CT,*1/*3,no,no,no,no,no,no,low,no therapeutic response | platelet count abnormal | haemorrhage intracranial | drug effect decreased | splenectomy,Standard Dose (100%)
11468443,15,1,TT,*1/*3,no,no,no,no,no,no,low,hydronephrosis | dehydration | acute kidney injury | contrast media reaction | nephrolithiasis | urinary tract infection,Standard Dose (100%)
11468507,4,2,TT,*3/*3,no,no,no,no,no,no,low,hypotension | irritability | vision blurred | agitation | vomiting | blindness transient | headache | reversible cerebral vasoconstriction syndrome,Standard Dose (100%)
11472594,13,2,CC,*3/*3,no,no,yes,no,no,no,high,hypertriglyceridaemia | blastomycosis | fatigue | alanine aminotransferase increased | pyrexia | optic nerve disorder | aspartate aminotransferase inc,Standard Dose (100%)
11473603,11,1,CT,*1/*3,no,no,no,no,no,no,low,catheter site infection | pulmonary oedema | wound infection bacterial | urine output decreased | blood pressure decreased | alpha haemolytic streptoc,Standard Dose (100%)
11474957,2,1,CC,*3/*3,no,no,no,no,no,no,low,staphylococcal bacteraemia,Standard Dose (100%)
11476681,2,1,CT,*1/*3,yes,yes,no,no,no,no,high,gait disturbance | neuropathy peripheral | pain in extremity | limb deformity,Reduce Dose by 25%
11476991,9,2,TT,*1/*1,no,yes,no,no,no,no,high,arthralgia | muscular weakness | gait disturbance | tendon discomfort | fine motor delay | dysgraphia,Reduce Dose by 50%
11477121,8,1,TT,*1/*3,no,yes,no,no,no,no,high,muscular weakness | pain in extremity | tendon injury,Reduce Dose by 50%
11477189,15,2,CC,*3/*3,yes,no,no,no,no,no,high,urinary incontinence | neuropathy peripheral | vocal cord paralysis | faecal incontinence,Reduce Dose by 25%
11477981,12,1,CC,*1/*3,no,no,no,no,no,no,high,peripheral sensory neuropathy | peroneal nerve palsy | pain in extremity | peripheral motor neuropathy,Standard Dose (100%)
11478166,15,1,TT,*1/*3,yes,yes,no,no,no,no,high,neuropathy peripheral | arthralgia | muscular weakness,Reduce Dose by 50%
11479850,7,2,CT,*3/*3,no,no,no,no,no,no,low,eyelid ptosis,Standard Dose (100%)
11480291,2,1,CC,*3/*3,no,no,no,no,no,no,low,off label use | shock | neutropenia | sepsis | febrile neutropenia,Standard Dose (100%)
11482157,17,2,CT,*3/*3,yes,yes,no,no,no,no,high,hyporeflexia | posture abnormal | gait disturbance | pain in extremity | muscular weakness | paraesthesia | neuropathy peripheral,Reduce Dose by 25%
11486387,3,2,CT,*3/*3,no,no,no,no,no,no,low,pneumonia influenzal | hypocalcaemia | hypophosphataemia,Standard Dose (100%)
11489778,3,2,CC,*3/*3,no,no,no,no,no,no,low,motor dysfunction | eyelid ptosis | lethargy | blood sodium decreased | alopecia | dysphonia | seizure,Standard Dose (100%)
11490224,16,2,TT,*1/*1,yes,no,no,no,no,no,high,abdominal pain | pain in extremity | constipation | autonomic neuropathy | neuropathy peripheral,Reduce Dose by 50%
11490257,4,2,TT,*1/*1,no,no,no,no,no,no,low,constipation | abdominal distension | pneumatosis,Standard Dose (100%)
11490373,8,1,CC,*3/*3,no,no,no,no,no,no,low,eyelid ptosis | neuromuscular toxicity | posture abnormal,Standard Dose (100%)
11490376,18,1,TT,*1/*3,no,no,no,no,no,no,low,condition aggravated | peripheral motor neuropathy | peripheral sensory neuropathy,Standard Dose (100%)
11492606,7,2,CC,*1/*3,no,no,no,no,no,no,low,oedema peripheral,Standard Dose (100%)
11493620,3,2,CC,*3/*3,no,no,no,no,no,no,low,febrile neutropenia | rash | stem cell transplant | recurrent cancer | metastases to peritoneum | malignant ascites | malignant neoplasm progression |,Standard Dose (100%)
11499609,3,2,CC,*3/*3,no,no,no,no,no,no,low,fungaemia | hypertension | hypotension | oedema,Standard Dose (100%)
11500260,11,1,TT,*3/*3,no,no,no,no,no,no,low,venoocclusive liver disease,Standard Dose (100%)
11500399,2,2,CC,*1/*1,no,no,no,no,no,no,low,skin infection | mucormycosis,Standard Dose (100%)
11501908,9,1,TT,*3/*3,no,no,no,no,no,no,low,deafness,Standard Dose (100%)
11509412,3,2,CC,*3/*3,no,no,no,no,no,no,low,febrile neutropenia | bone marrow toxicity,Standard Dose (100%)
11511085,3,2,CT,*3/*3,no,no,no,no,no,yes,low,febrile neutropenia | off label use | lymphopenia,Reduce Dose by 25%
11514447,3,2,CC,*3/*3,no,no,no,no,no,no,low,lymphopenia,Standard Dose (100%)
11516558,3,2,CC,*3/*3,no,no,no,no,no,no,low,varicella zoster virus infection | condition aggravated,Standard Dose (100%)
11516562,15,1,CC,*3/*3,no,no,no,no,no,no,low,condition aggravated | varicella zoster virus infection,Standard Dose (100%)
11517151,2,1,CC,*3/*3,no,no,no,no,no,no,low,infusion related reaction | urticaria,Standard Dose (100%)
11517643,7,1,CT,*3/*3,no,no,yes,no,no,no,low,coagulation factor v level decreased | alanine aminotransferase increased | prothrombin level decreased,Standard Dose (100%)
11517644,11,1,CC,*3/*3,no,no,yes,no,no,no,low,alanine aminotransferase increased | prothrombin level decreased | coagulation factor v level decreased,Standard Dose (100%)
11517646,9,1,CT,*1/*3,no,no,no,no,no,no,low,coagulation factor v level decreased | neutropenia | prothrombin level decreased,Standard Dose (100%)
11518760,3,2,CC,*3/*3,no,no,no,no,no,no,low,rash vesicular | lymphopenia | rash | pyrexia | neutropenia,Standard Dose (100%)
11519131,3,1,TT,*1/*3,no,no,no,no,no,no,low,neutropenic sepsis | febrile neutropenia | dysphagia | autism | hypoglycaemia,Standard Dose (100%)
11519154,8,1,CC,*3/*3,no,no,no,no,no,no,low,hypotonia | head circumference abnormal | somnolence | miosis | vomiting projectile | malaise | hyponatraemia,Standard Dose (100%)
11519453,7,1,CC,*3/*3,no,no,no,no,no,no,low,malaise | hyponatraemia | miosis | hypotonia | vomiting | somnolence,Standard Dose (100%)
11519463,15,1,CC,*3/*3,no,no,no,no,no,no,low,vaccination failure | multi-organ failure | hepatitis | dermatitis acneiform,Standard Dose (100%)
11519866,12,1,TT,*3/*3,no,yes,no,no,no,no,high,febrile neutropenia | cerebral infarction | computerised tomogram head abnormal | aphasia | gliosis | tongue paralysis | seizure | pain in extremity |,Reduce Dose by 50%
11528338,15,2,TT,*1/*1,yes,no,no,no,no,no,high,neuropathy peripheral,Reduce Dose by 50%
11528510,10,1,CT,*1/*3,no,no,no,no,no,no,low,febrile bone marrow aplasia,Standard Dose (100%)
11528521,15,1,CC,*1/*3,no,no,no,no,no,no,low,dermatitis acneiform,Standard Dose (100%)
11528579,2,1,CC,*3/*3,no,no,no,no,no,no,low,iris adhesions | retinal detachment | pancytopenia | device material opacification,Standard Dose (100%)
11528623,15,2,CC,*3/*3,no,no,no,no,no,yes,low,intestinal obstruction,Reduce Dose by 25%
11532785,10,2,CC,*1/*1,no,no,no,no,no,no,low,drug ineffective | toxicity to various agents,Standard Dose (100%)
11533189,15,1,CT,*3/*3,no,no,no,no,no,no,low,dermatitis acneiform,Standard Dose (100%)
11533414,15,1,CC,*1/*3,no,no,no,no,no,no,low,toxicity to various agents | drug ineffective,Standard Dose (100%)
11534208,10,2,CC,*3/*3,no,no,no,no,no,no,high,vomiting | hypophagia | fatigue,Standard Dose (100%)
11534209,11,1,CC,*3/*3,no,no,no,no,no,no,high,ataxia | fatigue | brain neoplasm | osteosarcoma | hepatic mass | cyanopsia,Standard Dose (100%)
11534212,3,2,CC,*1/*1,no,no,no,no,no,no,low,lymphopenia | varicella post vaccine | immunoglobulins decreased,Standard Dose (100%)
11535417,15,1,CC,*1/*1,no,no,no,no,no,no,low,multi-organ failure | hepatitis | varicella virus test positive | dermatitis acneiform,Standard Dose (100%)
11537733,2,1,CC,*1/*1,no,no,no,no,no,no,low,pancytopenia,Standard Dose (100%)
11539092,7,1,TT,*1/*3,no,no,no,no,no,no,low,unevaluable event,Standard Dose (100%)
11539095,8,2,CC,*1/*3,no,no,no,no,no,no,low,unevaluable event,Standard Dose (100%)
11539695,2,1,CT,*3/*3,no,no,no,no,no,no,low,urticaria | infusion related reaction,Standard Dose (100%)
11539774,12,2,TT,*1/*3,no,no,no,no,no,no,low,myelopathy,Standard Dose (100%)
11552620,3,2,CT,*1/*3,no,no,no,yes,no,no,low,bacterial test positive | tachypnoea | vomiting | blood potassium increased | anaemia | unresponsive to stimuli | bradycardia | depressed level of con,Standard Dose (100%)
11563332,3,2,CC,*1/*1,no,no,no,no,no,no,low,lymphopenia | rash vesicular | febrile neutropenia,Standard Dose (100%)
11563390,15,1,CC,*3/*3,no,no,no,no,no,no,low,varicella zoster virus infection,Standard Dose (100%)
11567773,3,2,CC,*1/*3,no,no,no,no,no,yes,low,varicella zoster virus infection | febrile neutropenia | lymphopenia | rash vesicular | condition aggravated | off label use,Reduce Dose by 25%
11568617,3,2,CT,*1/*3,no,no,no,no,no,no,low,depressed level of consciousness | lethargy | cough | infusion related reaction,Standard Dose (100%)
11569765,4,1,CC,*1/*3,no,no,no,no,no,no,low,secretion discharge | cough,Standard Dose (100%)
11575107,3,2,CC,*3/*3,no,no,no,no,no,no,high,irritability | back pain | stomatitis | bacterial infection | eye movement disorder | chapped lips | lip haemorrhage | erythema | aeromonas test posit,Standard Dose (100%)
11575515,4,2,CC,*1/*3,no,no,no,no,no,no,low,enterococcus test positive | pyrexia | neutropenia,Standard Dose (100%)
11575701,11,1,CT,*1/*3,no,no,no,no,no,no,low,pancytopenia,Standard Dose (100%)
11583436,15,2,CC,*3/*3,no,no,no,no,no,no,low,haemodialysis | blood lactic acid increased | bacterial sepsis | oliguria | blood creatinine increased | septic shock,Standard Dose (100%)
11593070,6,1,CC,*3/*3,no,no,yes,no,no,no,low,hypogammaglobulinaemia | alanine aminotransferase increased | aspartate aminotransferase increased | drug level increased | wrong technique in product,Standard Dose (100%)
11603534,9,1,CC,*1/*3,no,no,no,no,no,no,low,mucormycosis | bone disorder | platelet count decreased | sinusitis | pyrexia | headache,Standard Dose (100%)
11603648,7,1,CC,*3/*3,no,no,no,no,no,no,low,pneumonia | pyrexia,Standard Dose (100%)
11611323,11,2,CC,*3/*3,no,no,no,no,no,no,low,colitis | posterior reversible encephalopathy syndrome | hypokalaemia | hyponatraemia,Standard Dose (100%)
11615410,3,1,CC,*1/*3,no,no,no,no,no,no,low,rash erythematous | trichosporon infection | neutropenia,Standard Dose (100%)
11616174,9,2,CT,*3/*3,no,no,no,no,no,no,low,product use issue | posterior reversible encephalopathy syndrome | off label use,Standard Dose (100%)
11616175,8,2,CC,*1/*3,no,no,no,no,no,no,low,off label use | aphasia | product use issue,Standard Dose (100%)
11616533,7,2,CT,*3/*3,no,no,no,no,no,no,low,immunosuppression,Standard Dose (100%)
11618522,14,1,TT,*3/*3,no,no,no,yes,no,no,low,respiratory failure | oral candidiasis | sepsis | general physical health deterioration | anaemia | peritonitis | neurological decompensation | b-lymp,Standard Dose (100%)
11620224,7,1,CC,*3/*3,no,no,no,no,no,no,low,ejection fraction decreased | tachycardia,Standard Dose (100%)
11621038,3,1,CC,*3/*3,no,no,no,no,no,no,low,trichosporon infection | neutropenia,Standard Dose (100%)
11621498,15,2,CC,*1/*3,no,no,no,no,no,no,low,cough | neutrophil count decreased | tachycardia | white blood cell count decreased | haemoglobin decreased | drug hypersensitivity | erythema,Standard Dose (100%)
11628715,18,1,CC,*1/*3,no,no,no,no,no,no,low,ejection fraction decreased,Standard Dose (100%)
11628728,17,1,CC,*1/*3,no,no,no,no,no,no,low,angioedema,Standard Dose (100%)
11628790,16,2,CC,*1/*3,no,no,no,no,no,no,low,mental status changes | depression | suicidal ideation | glioblastoma multiforme | headache,Standard Dose (100%)
11631977,3,1,CC,*3/*3,no,yes,no,no,no,no,high,somnolence | balance disorder | dyspnoea | speech disorder | nausea | sleep disorder | dizziness | pyrexia | vomiting | gait disturbance | seizure | a,Reduce Dose by 25%
11633402,14,1,CC,*3/*3,no,no,no,yes,no,no,low,coordination abnormal | platelet count decreased | weight decreased | anaemia | dysphemia | gastroenteritis | febrile neutropenia,Standard Dose (100%)
11633845,7,1,TT,*3/*3,no,no,no,no,no,no,low,tachycardia | ejection fraction decreased,Standard Dose (100%)
11634014,11,2,CC,*3/*3,no,no,no,no,no,yes,low,posterior reversible encephalopathy syndrome,Reduce Dose by 25%
11635484,15,2,CC,*1/*3,no,no,no,no,no,no,low,febrile bone marrow aplasia,Standard Dose (100%)
11635974,8,2,CC,*3/*3,no,no,no,no,no,no,high,oral pain | pyrexia | neutrophil count decreased,Standard Dose (100%)
11637313,11,2,CC,*3/*3,no,no,no,no,no,no,low,hyponatraemia | colitis | posterior reversible encephalopathy syndrome | hypokalaemia,Standard Dose (100%)
11638657,15,1,CT,*1/*3,no,no,no,no,no,no,low,mucosal inflammation | pyrexia | faecal volume increased | neutropenia | neuroblastoma recurrent | deafness neurosensory,Standard Dose (100%)
11638665,14,1,CT,*3/*3,no,no,no,yes,no,no,low,ataxia telangiectasia | condition aggravated | febrile neutropenia | anaemia | hypersensitivity | platelet count decreased | general physical health d,Standard Dose (100%)
11639653,6,2,TT,*3/*3,no,no,no,no,no,no,low,foreign body reaction,Standard Dose (100%)
11639821,1,1,TT,*1/*3,no,no,no,no,no,no,low,vitreous haemorrhage | glaucoma,Standard Dose (100%)
11641472,14,2,CT,*1/*1,no,no,no,no,no,no,low,transverse sinus thrombosis | cerebral thrombosis | superior sagittal sinus thrombosis,Standard Dose (100%)
11643560,11,2,TT,*3/*3,no,no,no,no,no,no,low,posterior reversible encephalopathy syndrome | colitis | rash,Standard Dose (100%)
11644370,11,2,TT,*1/*3,no,no,no,no,no,no,low,posterior reversible encephalopathy syndrome | colitis | sepsis,Standard Dose (100%)
11645591,18,1,CT,*3/*3,no,no,no,no,no,yes,low,ejection fraction decreased,Reduce Dose by 25%
11647783,16,1,CC,*1/*3,no,no,no,no,no,no,high,catheter site swelling | catheter site extravasation | catheter site pain | thrombosis | catheter site erythema | catheter site infection,Standard Dose (100%)
11651277,11,1,CT,*1/*1,no,no,no,no,no,no,low,febrile bone marrow aplasia | asthenia,Standard Dose (100%)
11652872,14,2,TT,*3/*3,no,no,no,no,no,no,low,pyomyositis | no therapeutic response | staphylococcal bacteraemia | septic shock | leukaemia recurrent | acute lymphocytic leukaemia | quadriparesis,Standard Dose (100%)
11654568,15,1,CT,*3/*3,no,no,no,no,no,no,low,pneumonia | respiratory failure | peripheral sensorimotor neuropathy | viith nerve paralysis,Standard Dose (100%)
11654964,11,2,TT,*1/*3,no,no,no,yes,no,no,low,colitis | inappropriate antidiuretic hormone secretion | hypokalaemia | hypomagnesaemia | anaemia | blood pressure increased | hyponatraemia | urinary,Standard Dose (100%)
11655394,3,2,TT,*3/*3,no,no,no,no,no,no,low,gastric fistula | dehydration | diarrhoea | pneumatosis intestinalis,Standard Dose (100%)
11657506,7,1,CC,*3/*3,no,no,no,no,no,no,low,deafness neurosensory,Standard Dose (100%)
11657872,10,1,CC,*3/*3,no,no,no,no,no,no,low,osteosarcoma | second primary malignancy | no therapeutic response,Standard Dose (100%)
